"Test Name","Test Mode","Test Type","Control","Test Speed 1","Test Speed 2","Test Speed 3","Change Point 1","Change Point 2","Disp. Origin","Break and Limit Action","Sensitivity:","Level:"
"","Single","Tensile","Stroke",10,1,1,"Off","Off","Start","Stop",0,1

"Title","Sub title","Comment"
"","",""

"Shape:","Batch Size:","SubBatch Size:"
"Plate",1,1
"Name:","Thickness","Width","Gauge Length",
"Size Unit:","mm","mm","mm",
" 1 - 1","1.0000","1.0000","100.0000",

"Name",
"Parameter",
"Units",
" 1 - 1",

" 1- 1"
"Time","Force","Stroke",
"sec","N","mm",
"0.00",.002,0,
"0.05",.001,.009,
"0.10",.001,1.833333E-02,
"0.15",.004,2.766667E-02,
"0.20",.008,3.666667E-02,
"0.25",.013,.046,
"0.30",.018,.055,
"0.35",.027,6.433333E-02,
"0.40",.036,7.333333E-02,
"0.45",.044,8.266667E-02,
"0.50",.055,.092,
"0.55",.061,.101,
"0.60",.069,.1103333,
"0.65",.078,.1193333,
"0.70",.085,.1286667,
"0.75",.096,.138,
"0.80",.106,.147,
"0.85",.114,.1563333,
"0.90",.123,.1653333,
"0.95",.132,.1746667,
"1.00",.14,.1836667,
"1.05",.149,.193,
"1.10",.158,.2023333,
"1.15",.168,.2113333,
"1.20",.176,.2206667,
"1.25",.185,.2296667,
"1.30",.193,.239,
"1.35",.199,.248,
"1.40",.207,.2573333,
"1.45",.215,.2666667,
"1.50",.223,.2756667,
"1.55",.233,.285,
"1.60",.241,.294,
"1.65",.249,.3033333,
"1.70",.257,.3126667,
"1.75",.266,.3216667,
"1.80",.275,.331,
"1.85",.284,.34,
"1.90",.292,.3493333,
"1.95",.3,.3583333,
"2.00",.308,.3673333,
"2.05",.316,.376,
"2.10",.324,.385,
"2.15",.331,.394,
"2.20",.339,.403,
"2.25",.348,.4116667,
"2.30",.357,.4206667,
"2.35",.365,.4296667,
"2.40",.373,.4383333,
"2.45",.38,.447,
"2.50",.388,.4556667,
"2.55",.395,.4643333,
"2.60",.404,.473,
"2.65",.412,.4816667,
"2.70",.419,.4906667,
"2.75",.427,.4993333,
"2.80",.435,.508,
"2.85",.444,.5163333,
"2.90",.452,.525,
"2.95",.459,.5336667,
"3.00",.465,.542,
"3.05",.47,.5506667,
"3.10",.478,.5593333,
"3.15",.485,.568,
"3.20",.494,.5763333,
"3.25",.502,.585,
"3.30",.509,.5933333,
"3.35",.516,.602,
"3.40",.523,.6103333,
"3.45",.53,.619,
"3.50",.538,.6273333,
"3.55",.546,.636,
"3.60",.555,.6443334,
"3.65",.562,.6526667,
"3.70",.569,.6613333,
"3.75",.574,.6696666,
"3.80",.581,.678,
"3.85",.588,.6866667,
"3.90",.595,.695,
"3.95",.604,.7036667,
"4.00",.611,.712,
"4.05",.617,.7203333,
"4.10",.623,.7286667,
"4.15",.629,.7373334,
"4.20",.637,.7456667,
"4.25",.644,.754,
"4.30",.652,.7623333,
"4.35",.659,.771,
"4.40",.666,.7793334,
"4.45",.672,.7876667,
"4.50",.678,.796,
"4.55",.683,.8043333,
"4.60",.69,.8126667,
"4.65",.696,.821,
"4.70",.703,.8293333,
"4.75",.711,.8376667,
"4.80",.718,.846,
"4.85",.724,.8546667,
"4.90",.732,.863,
"4.95",.738,.8713334,
"5.00",.745,.8796667,
"5.05",.752,.888,
"5.10",.759,.8963333,
"5.15",.766,.9046667,
"5.20",.772,.913,
"5.25",.778,.9213333,
"5.30",.783,.9296666,
"5.35",.79,.938,
"5.40",.795,.9466667,
"5.45",.802,.955,
"5.50",.808,.9633333,
"5.55",.816,.9716667,
"5.60",.823,.98,
"5.65",.83,.9883333,
"5.70",.837,.9966667,
"5.75",.843,1.005,
"5.80",.85,1.013333,
"5.85",.855,1.021667,
"5.90",.861,1.03,
"5.95",.867,1.038333,
"6.00",.874,1.046667,
"6.05",.881,1.055,
"6.10",.888,1.063333,
"6.15",.893,1.071667,
"6.20",.899,1.08,
"6.25",.903,1.088333,
"6.30",.909,1.096667,
"6.35",.915,1.105,
"6.40",.921,1.113333,
"6.45",.926,1.122,
"6.50",.933,1.13,
"6.55",.94,1.138333,
"6.60",.946,1.146667,
"6.65",.953,1.155,
"6.70",.958,1.163333,
"6.75",.964,1.171667,
"6.80",.971,1.18,
"6.85",.977,1.188333,
"6.90",.982,1.196667,
"6.95",.987,1.205,
"7.00",.993,1.213667,
"7.05",.999,1.222,
"7.10",1.006,1.23,
"7.15",1.012,1.238333,
"7.20",1.017,1.246667,
"7.25",1.022,1.255,
"7.30",1.027,1.263333,
"7.35",1.033,1.272,
"7.40",1.04,1.280333,
"7.45",1.046,1.288333,
"7.50",1.052,1.297,
"7.55",1.057,1.305333,
"7.60",1.062,1.313667,
"7.65",1.068,1.321667,
"7.70",1.072,1.33,
"7.75",1.077,1.338333,
"7.80",1.084,1.346667,
"7.85",1.089,1.355,
"7.90",1.096,1.363333,
"7.95",1.101,1.371667,
"8.00",1.107,1.38,
"8.05",1.111,1.388333,
"8.10",1.116,1.396667,
"8.15",1.122,1.405,
"8.20",1.127,1.413333,
"8.25",1.132,1.421667,
"8.30",1.138,1.430333,
"8.35",1.144,1.438667,
"8.40",1.151,1.446667,
"8.45",1.156,1.455,
"8.50",1.161,1.463333,
"8.55",1.166,1.471667,
"8.60",1.171,1.48,
"8.65",1.176,1.488333,
"8.70",1.182,1.496667,
"8.75",1.187,1.505,
"8.80",1.193,1.513333,
"8.85",1.197,1.521667,
"8.90",1.202,1.53,
"8.95",1.207,1.538333,
"9.00",1.212,1.546667,
"9.05",1.217,1.555,
"9.10",1.222,1.563333,
"9.15",1.228,1.571667,
"9.20",1.234,1.58,
"9.25",1.238,1.588333,
"9.30",1.244,1.596667,
"9.35",1.248,1.605,
"9.40",1.253,1.613333,
"9.45",1.258,1.621667,
"9.50",1.263,1.63,
"9.55",1.268,1.638333,
"9.60",1.274,1.646667,
"9.65",1.277,1.655,
"9.70",1.282,1.663333,
"9.75",1.288,1.671667,
"9.80",1.293,1.68,
"9.85",1.298,1.688333,
"9.90",1.302,1.696667,
"9.95",1.307,1.705,
"10.00",1.312,1.713333,
"10.05",1.318,1.721667,
"10.10",1.323,1.73,
"10.15",1.329,1.738333,
"10.20",1.333,1.746667,
"10.25",1.337,1.755,
"10.30",1.341,1.763333,
"10.35",1.346,1.771667,
"10.40",1.351,1.78,
"10.45",1.355,1.788333,
"10.50",1.36,1.796667,
"10.55",1.365,1.805333,
"10.60",1.372,1.813333,
"10.65",1.377,1.821667,
"10.70",1.382,1.83,
"10.75",1.387,1.838333,
"10.80",1.393,1.847,
"10.85",1.397,1.855333,
"10.90",1.402,1.863333,
"10.95",1.406,1.871667,
"11.00",1.411,1.88,
"11.05",1.416,1.888333,
"11.10",1.421,1.896667,
"11.15",1.426,1.905,
"11.20",1.432,1.913333,
"11.25",1.434,1.921667,
"11.30",1.438,1.93,
"11.35",1.443,1.938667,
"11.40",1.449,1.947,
"11.45",1.453,1.955333,
"11.50",1.457,1.963667,
"11.55",1.461,1.971667,
"11.60",1.467,1.98,
"11.65",1.47,1.988333,
"11.70",1.474,1.996667,
"11.75",1.478,2.005,
"11.80",1.484,2.013333,
"11.85",1.487,2.021667,
"11.90",1.492,2.03,
"11.95",1.499,2.038333,
"12.00",1.505,2.046667,
"12.05",1.507,2.055,
"12.10",1.511,2.063333,
"12.15",1.516,2.071667,
"12.20",1.521,2.08,
"12.25",1.524,2.088333,
"12.30",1.529,2.096667,
"12.35",1.534,2.105333,
"12.40",1.539,2.113667,
"12.45",1.541,2.122,
"12.50",1.544,2.130333,
"12.55",1.55,2.138667,
"12.60",1.555,2.147,
"12.65",1.561,2.155333,
"12.70",1.566,2.163667,
"12.75",1.57,2.172,
"12.80",1.576,2.180333,
"12.85",1.579,2.188667,
"12.90",1.585,2.197,
"12.95",1.589,2.205,
"13.00",1.594,2.213333,
"13.05",1.597,2.221667,
"13.10",1.601,2.23,
"13.15",1.606,2.238333,
"13.20",1.61,2.246667,
"13.25",1.612,2.255333,
"13.30",1.616,2.263667,
"13.35",1.621,2.272,
"13.40",1.627,2.280333,
"13.45",1.631,2.288667,
"13.50",1.637,2.297,
"13.55",1.642,2.305333,
"13.60",1.647,2.313667,
"13.65",1.65,2.321667,
"13.70",1.654,2.330333,
"13.75",1.658,2.338667,
"13.80",1.663,2.347,
"13.85",1.667,2.355333,
"13.90",1.672,2.363667,
"13.95",1.676,2.372,
"14.00",1.681,2.380333,
"14.05",1.684,2.388667,
"14.10",1.688,2.397,
"14.15",1.693,2.405333,
"14.20",1.697,2.413667,
"14.25",1.701,2.422,
"14.30",1.705,2.43,
"14.35",1.709,2.438667,
"14.40",1.714,2.447,
"14.45",1.718,2.455333,
"14.50",1.722,2.463667,
"14.55",1.726,2.472,
"14.60",1.731,2.480333,
"14.65",1.735,2.488667,
"14.70",1.74,2.497,
"14.75",1.745,2.505,
"14.80",1.75,2.513667,
"14.85",1.753,2.522,
"14.90",1.756,2.530333,
"14.95",1.761,2.538667,
"15.00",1.767,2.547,
"15.05",1.771,2.555333,
"15.10",1.776,2.563667,
"15.15",1.781,2.571667,
"15.20",1.784,2.58,
"15.25",1.786,2.588333,
"15.30",1.788,2.597,
"15.35",1.792,2.605,
"15.40",1.797,2.613333,
"15.45",1.8,2.621667,
"15.50",1.805,2.63,
"15.55",1.809,2.638333,
"15.60",1.814,2.646667,
"15.65",1.817,2.655,
"15.70",1.821,2.663333,
"15.75",1.827,2.671667,
"15.80",1.832,2.68,
"15.85",1.835,2.688667,
"15.90",1.838,2.696667,
"15.95",1.844,2.705,
"16.00",1.849,2.713333,
"16.05",1.853,2.721667,
"16.10",1.857,2.730333,
"16.15",1.86,2.738667,
"16.20",1.864,2.747,
"16.25",1.866,2.755333,
"16.30",1.87,2.763667,
"16.35",1.875,2.772,
"16.40",1.88,2.780333,
"16.45",1.883,2.788667,
"16.50",1.888,2.797,
"16.55",1.892,2.805333,
"16.60",1.897,2.813667,
"16.65",1.899,2.821667,
"16.70",1.903,2.83,
"16.75",1.908,2.838333,
"16.80",1.914,2.846667,
"16.85",1.917,2.855,
"16.90",1.921,2.863667,
"16.95",1.925,2.872,
"17.00",1.931,2.880333,
"17.05",1.933,2.888667,
"17.10",1.938,2.897,
"17.15",1.943,2.905333,
"17.20",1.947,2.913667,
"17.25",1.95,2.921667,
"17.30",1.953,2.93,
"17.35",1.957,2.938667,
"17.40",1.962,2.946667,
"17.45",1.966,2.955,
"17.50",1.97,2.963667,
"17.55",1.974,2.971667,
"17.60",1.978,2.98,
"17.65",1.983,2.988333,
"17.70",1.986,2.996667,
"17.75",1.99,3.005,
"17.80",1.993,3.013333,
"17.85",1.996,3.021667,
"17.90",1.999,3.03,
"17.95",2.004,3.038333,
"18.00",2.009,3.046667,
"18.05",2.012,3.055,
"18.10",2.018,3.063333,
"18.15",2.022,3.071667,
"18.20",2.026,3.08,
"18.25",2.029,3.088333,
"18.30",2.031,3.096667,
"18.35",2.036,3.105333,
"18.40",2.041,3.113667,
"18.45",2.044,3.121667,
"18.50",2.05,3.130333,
"18.55",2.053,3.138667,
"18.60",2.057,3.147,
"18.65",2.062,3.155,
"18.70",2.065,3.163667,
"18.75",2.071,3.172,
"18.80",2.075,3.180333,
"18.85",2.078,3.188667,
"18.90",2.083,3.197,
"18.95",2.086,3.205333,
"19.00",2.09,3.213333,
"19.05",2.093,3.221667,
"19.10",2.098,3.230333,
"19.15",2.103,3.238333,
"19.20",2.107,3.247,
"19.25",2.111,3.255,
"19.30",2.115,3.263667,
"19.35",2.118,3.272,
"19.40",2.122,3.280333,
"19.45",2.126,3.288667,
"19.50",2.131,3.297,
"19.55",2.136,3.305333,
"19.60",2.142,3.313333,
"19.65",2.145,3.321667,
"19.70",2.15,3.33,
"19.75",2.154,3.338333,
"19.80",2.159,3.346667,
"19.85",2.163,3.355,
"19.90",2.166,3.363333,
"19.95",2.171,3.371667,
"20.00",2.177,3.38,
"20.05",2.181,3.388333,
"20.10",2.186,3.396667,
"20.15",2.189,3.405,
"20.20",2.193,3.413333,
"20.25",2.196,3.421667,
"20.30",2.199,3.430333,
"20.35",2.203,3.438667,
"20.40",2.209,3.447,
"20.45",2.211,3.455333,
"20.50",2.216,3.463333,
"20.55",2.22,3.472,
"20.60",2.224,3.48,
"20.65",2.226,3.488333,
"20.70",2.229,3.496667,
"20.75",2.233,3.505,
"20.80",2.24,3.513333,
"20.85",2.244,3.521667,
"20.90",2.25,3.53,
"20.95",2.254,3.538333,
"21.00",2.259,3.546667,
"21.05",2.262,3.555,
"21.10",2.266,3.563333,
"21.15",2.271,3.571667,
"21.20",2.275,3.58,
"21.25",2.279,3.588333,
"21.30",2.283,3.597,
"21.35",2.288,3.605333,
"21.40",2.293,3.613667,
"21.45",2.295,3.622,
"21.50",2.3,3.630333,
"21.55",2.305,3.638667,
"21.60",2.31,3.647,
"21.65",2.314,3.655,
"21.70",2.318,3.663667,
"21.75",2.323,3.671667,
"21.80",2.328,3.680333,
"21.85",2.333,3.688333,
"21.90",2.338,3.696667,
"21.95",2.341,3.705,
"22.00",2.346,3.713333,
"22.05",2.348,3.721667,
"22.10",2.351,3.73,
"22.15",2.355,3.738333,
"22.20",2.362,3.746667,
"22.25",2.366,3.755,
"22.30",2.37,3.763667,
"22.35",2.374,3.772,
"22.40",2.379,3.780333,
"22.45",2.382,3.788667,
"22.50",2.387,3.797,
"22.55",2.393,3.805,
"22.60",2.398,3.813333,
"22.65",2.401,3.821667,
"22.70",2.405,3.83,
"22.75",2.41,3.838333,
"22.80",2.415,3.846667,
"22.85",2.418,3.855,
"22.90",2.423,3.863333,
"22.95",2.427,3.871667,
"23.00",2.432,3.88,
"23.05",2.435,3.888333,
"23.10",2.44,3.896667,
"23.15",2.445,3.905,
"23.20",2.45,3.913333,
"23.25",2.454,3.921667,
"23.30",2.457,3.93,
"23.35",2.461,3.938667,
"23.40",2.466,3.946667,
"23.45",2.471,3.955333,
"23.50",2.475,3.963333,
"23.55",2.48,3.971667,
"23.60",2.484,3.98,
"23.65",2.489,3.988333,
"23.70",2.494,3.996667,
"23.75",2.499,4.005,
"23.80",2.504,4.013333,
"23.85",2.507,4.021667,
"23.90",2.511,4.03,
"23.95",2.516,4.038333,
"24.00",2.521,4.046667,
"24.05",2.525,4.055,
"24.10",2.528,4.063334,
"24.15",2.533,4.071667,
"24.20",2.538,4.08,
"24.25",2.542,4.088333,
"24.30",2.547,4.096667,
"24.35",2.552,4.105,
"24.40",2.557,4.113333,
"24.45",2.562,4.121666,
"24.50",2.567,4.13,
"24.55",2.571,4.138667,
"24.60",2.576,4.146667,
"24.65",2.579,4.155,
"24.70",2.584,4.163667,
"24.75",2.587,4.171667,
"24.80",2.593,4.180333,
"24.85",2.597,4.188667,
"24.90",2.602,4.196667,
"24.95",2.608,4.205,
"25.00",2.612,4.213333,
"25.05",2.615,4.221667,
"25.10",2.62,4.23,
"25.15",2.624,4.238333,
"25.20",2.628,4.246666,
"25.25",2.631,4.255,
"25.30",2.633,4.263333,
"25.35",2.638,4.271667,
"25.40",2.645,4.28,
"25.45",2.65,4.288333,
"25.50",2.656,4.296667,
"25.55",2.661,4.305,
"25.60",2.666,4.313334,
"25.65",2.669,4.321667,
"25.70",2.672,4.33,
"25.75",2.676,4.338333,
"25.80",2.682,4.346667,
"25.85",2.686,4.355,
"25.90",2.691,4.363333,
"25.95",2.696,4.371666,
"26.00",2.701,4.38,
"26.05",2.704,4.388333,
"26.10",2.709,4.397,
"26.15",2.714,4.405,
"26.20",2.719,4.413667,
"26.25",2.724,4.421667,
"26.30",2.728,4.43,
"26.35",2.733,4.438334,
"26.40",2.738,4.447,
"26.45",2.742,4.455333,
"26.50",2.746,4.463666,
"26.55",2.751,4.472,
"26.60",2.757,4.480333,
"26.65",2.76,4.488667,
"26.70",2.766,4.497,
"26.75",2.77,4.505333,
"26.80",2.776,4.513667,
"26.85",2.779,4.522,
"26.90",2.784,4.530334,
"26.95",2.791,4.538667,
"27.00",2.797,4.547,
"27.05",2.801,4.555333,
"27.10",2.806,4.563667,
"27.15",2.811,4.572,
"27.20",2.816,4.58,
"27.25",2.819,4.588666,
"27.30",2.823,4.596667,
"27.35",2.828,4.605333,
"27.40",2.833,4.613667,
"27.45",2.837,4.621666,
"27.50",2.841,4.63,
"27.55",2.844,4.638333,
"27.60",2.848,4.646667,
"27.65",2.852,4.655,
"27.70",2.856,4.663333,
"27.75",2.862,4.671667,
"27.80",2.868,4.680333,
"27.85",2.873,4.688667,
"27.90",2.878,4.697,
"27.95",2.882,4.705333,
"28.00",2.887,4.713333,
"28.05",2.892,4.722,
"28.10",2.896,4.730333,
"28.15",2.9,4.738667,
"28.20",2.905,4.747,
"28.25",2.908,4.755,
"28.30",2.914,4.763667,
"28.35",2.919,4.772,
"28.40",2.926,4.78,
"28.45",2.93,4.788333,
"28.50",2.935,4.796667,
"28.55",2.94,4.805,
"28.60",2.945,4.813334,
"28.65",2.949,4.821667,
"28.70",2.953,4.83,
"28.75",2.958,4.838333,
"28.80",2.965,4.846667,
"28.85",2.97,4.855,
"28.90",2.975,4.863333,
"28.95",2.981,4.871666,
"29.00",2.986,4.88,
"29.05",2.989,4.888333,
"29.10",2.994,4.896667,
"29.15",2.999,4.905,
"29.20",3.004,4.913333,
"29.25",3.009,4.921667,
"29.30",3.013,4.93,
"29.35",3.019,4.938667,
"29.40",3.024,4.946667,
"29.45",3.029,4.955,
"29.50",3.033,4.963333,
"29.55",3.038,4.971667,
"29.60",3.044,4.980333,
"29.65",3.048,4.988333,
"29.70",3.054,4.996666,
"29.75",3.06,5.005333,
"29.80",3.067,5.013667,
"29.85",3.071,5.022,
"29.90",3.076,5.030334,
"29.95",3.08,5.038667,
"30.00",3.085,5.047,
"30.05",3.088,5.055333,
"30.10",3.091,5.063667,
"30.15",3.096,5.071667,
"30.20",3.102,5.08,
"30.25",3.107,5.088333,
"30.30",3.112,5.096667,
"30.35",3.117,5.105,
"30.40",3.121,5.113333,
"30.45",3.126,5.122,
"30.50",3.131,5.130333,
"30.55",3.136,5.138667,
"30.60",3.141,5.147,
"30.65",3.147,5.155,
"30.70",3.152,5.163667,
"30.75",3.158,5.172,
"30.80",3.163,5.180333,
"30.85",3.168,5.188667,
"30.90",3.173,5.197,
"30.95",3.178,5.205333,
"31.00",3.183,5.213333,
"31.05",3.188,5.221667,
"31.10",3.193,5.230333,
"31.15",3.198,5.238333,
"31.20",3.203,5.246666,
"31.25",3.205,5.255,
"31.30",3.21,5.263333,
"31.35",3.217,5.272,
"31.40",3.222,5.28,
"31.45",3.226,5.288333,
"31.50",3.231,5.296667,
"31.55",3.235,5.305,
"31.60",3.241,5.313334,
"31.65",3.247,5.321667,
"31.70",3.252,5.33,
"31.75",3.258,5.338333,
"31.80",3.264,5.346667,
"31.85",3.269,5.355333,
"31.90",3.273,5.363333,
"31.95",3.278,5.372,
"32.00",3.283,5.380333,
"32.05",3.288,5.388667,
"32.10",3.293,5.397,
"32.15",3.297,5.405334,
"32.20",3.303,5.413667,
"32.25",3.307,5.422,
"32.30",3.312,5.430333,
"32.35",3.317,5.438667,
"32.40",3.322,5.447,
"32.45",3.326,5.455333,
"32.50",3.331,5.463666,
"32.55",3.336,5.472,
"32.60",3.343,5.480333,
"32.65",3.349,5.488667,
"32.70",3.355,5.497,
"32.75",3.36,5.505333,
"32.80",3.366,5.513667,
"32.85",3.369,5.522,
"32.90",3.374,5.530334,
"32.95",3.379,5.538667,
"33.00",3.386,5.547,
"33.05",3.389,5.555333,
"33.10",3.394,5.563667,
"33.15",3.4,5.572,
"33.20",3.406,5.580333,
"33.25",3.409,5.588666,
"33.30",3.414,5.597,
"33.35",3.418,5.605333,
"33.40",3.424,5.613667,
"33.45",3.43,5.621666,
"33.50",3.436,5.630333,
"33.55",3.442,5.638667,
"33.60",3.447,5.647,
"33.65",3.451,5.655,
"33.70",3.457,5.663333,
"33.75",3.462,5.672,
"33.80",3.467,5.680333,
"33.85",3.472,5.688667,
"33.90",3.476,5.697,
"33.95",3.482,5.705333,
"34.00",3.486,5.713666,
"34.05",3.491,5.722,
"34.10",3.496,5.73,
"34.15",3.5,5.738333,
"34.20",3.506,5.746666,
"34.25",3.512,5.755,
"34.30",3.518,5.763333,
"34.35",3.523,5.772,
"34.40",3.527,5.78,
"34.45",3.53,5.788333,
"34.50",3.535,5.796667,
"34.55",3.541,5.805,
"34.60",3.546,5.813334,
"34.65",3.553,5.821667,
"34.70",3.559,5.83,
"34.75",3.565,5.838333,
"34.80",3.571,5.846667,
"34.85",3.574,5.855,
"34.90",3.579,5.863667,
"34.95",3.584,5.871666,
"35.00",3.589,5.88,
"35.05",3.594,5.888333,
"35.10",3.599,5.896667,
"35.15",3.603,5.905,
"35.20",3.609,5.913333,
"35.25",3.614,5.921667,
"35.30",3.619,5.93,
"35.35",3.624,5.938334,
"35.40",3.63,5.946667,
"35.45",3.633,5.955,
"35.50",3.638,5.963333,
"35.55",3.644,5.971667,
"35.60",3.651,5.98,
"35.65",3.658,5.988333,
"35.70",3.664,5.996666,
"35.75",3.67,6.005,
"35.80",3.675,6.013333,
"35.85",3.679,6.022,
"35.90",3.685,6.03,
"35.95",3.691,6.038333,
"36.00",3.697,6.047,
"36.05",3.702,6.055,
"36.10",3.707,6.063667,
"36.15",3.713,6.072,
"36.20",3.719,6.080333,
"36.25",3.722,6.088333,
"36.30",3.729,6.097,
"36.35",3.735,6.105333,
"36.40",3.742,6.113667,
"36.45",3.747,6.122,
"36.50",3.751,6.13,
"36.55",3.756,6.138333,
"36.60",3.76,6.146667,
"36.65",3.763,6.155,
"36.70",3.767,6.163333,
"36.75",3.772,6.171667,
"36.80",3.778,6.18,
"36.85",3.784,6.188334,
"36.90",3.79,6.196667,
"36.95",3.796,6.205,
"37.00",3.802,6.213666,
"37.05",3.807,6.221667,
"37.10",3.811,6.230333,
"37.15",3.816,6.238333,
"37.20",3.822,6.246666,
"37.25",3.827,6.255,
"37.30",3.835,6.263333,
"37.35",3.84,6.272,
"37.40",3.845,6.28,
"37.45",3.85,6.288333,
"37.50",3.854,6.296667,
"37.55",3.86,6.305,
"37.60",3.866,6.313667,
"37.65",3.872,6.321667,
"37.70",3.877,6.33,
"37.75",3.883,6.338333,
"37.80",3.889,6.346667,
"37.85",3.895,6.355,
"37.90",3.9,6.363333,
"37.95",3.904,6.371666,
"38.00",3.909,6.38,
"38.05",3.914,6.388333,
"38.10",3.918,6.397,
"38.15",3.924,6.405334,
"38.20",3.929,6.413667,
"38.25",3.934,6.421667,
"38.30",3.941,6.430333,
"38.35",3.947,6.438667,
"38.40",3.953,6.446667,
"38.45",3.959,6.455333,
"38.50",3.964,6.463333,
"38.55",3.97,6.472,
"38.60",3.975,6.48,
"38.65",3.981,6.488333,
"38.70",3.987,6.496666,
"38.75",3.992,6.505,
"38.80",3.998,6.513667,
"38.85",4.004,6.522,
"38.90",4.01,6.530334,
"38.95",4.016,6.538333,
"39.00",4.022,6.546667,
"39.05",4.025,6.555333,
"39.10",4.03,6.563334,
"39.15",4.034,6.571667,
"39.20",4.04,6.58,
"39.25",4.045,6.588333,
"39.30",4.052,6.596667,
"39.35",4.059,6.605333,
"39.40",4.064,6.613333,
"39.45",4.07,6.621666,
"39.50",4.075,6.630333,
"39.55",4.08,6.638333,
"39.60",4.086,6.646667,
"39.65",4.091,6.655,
"39.70",4.096,6.663333,
"39.75",4.103,6.671667,
"39.80",4.109,6.68,
"39.85",4.115,6.688334,
"39.90",4.121,6.696667,
"39.95",4.125,6.705,
"40.00",4.13,6.713333,
"40.05",4.136,6.721667,
"40.10",4.142,6.73,
"40.15",4.148,6.738333,
"40.20",4.152,6.746666,
"40.25",4.157,6.755,
"40.30",4.162,6.763333,
"40.35",4.167,6.771667,
"40.40",4.173,6.78,
"40.45",4.178,6.788333,
"40.50",4.183,6.796667,
"40.55",4.189,6.805,
"40.60",4.195,6.813334,
"40.65",4.201,6.821667,
"40.70",4.207,6.83,
"40.75",4.213,6.838333,
"40.80",4.218,6.846667,
"40.85",4.225,6.855,
"40.90",4.23,6.863333,
"40.95",4.235,6.871666,
"41.00",4.242,6.88,
"41.05",4.246,6.888333,
"41.10",4.252,6.896667,
"41.15",4.258,6.905,
"41.20",4.263,6.913333,
"41.25",4.269,6.921667,
"41.30",4.272,6.93,
"41.35",4.277,6.938334,
"41.40",4.284,6.946667,
"41.45",4.289,6.955,
"41.50",4.295,6.963333,
"41.55",4.3,6.971667,
"41.60",4.305,6.98,
"41.65",4.309,6.988333,
"41.70",4.314,6.996666,
"41.75",4.314,7.005,
"41.80",4.294,7.013333,
"41.85",4.272,7.021667,
"41.90",4.253,7.03,
"41.95",4.238,7.038333,
"42.00",4.238,7.046667,
"42.05",4.245,7.055,
"42.10",4.253,7.063334,
"42.15",4.258,7.071667,
"42.20",4.263,7.08,
"42.25",4.27,7.088333,
"42.30",4.275,7.096667,
"42.35",4.284,7.105,
"42.40",4.292,7.113333,
"42.45",4.298,7.121666,
"42.50",4.304,7.13,
"42.55",4.311,7.138333,
"42.60",4.318,7.146667,
"42.65",4.324,7.155,
"42.70",4.332,7.163333,
"42.75",4.338,7.171667,
"42.80",4.345,7.18,
"42.85",4.352,7.188334,
"42.90",4.358,7.196667,
"42.95",4.364,7.205,
"43.00",4.37,7.213333,
"43.05",4.376,7.221667,
"43.10",4.383,7.23,
"43.15",4.391,7.238333,
"43.20",4.398,7.246666,
"43.25",4.405,7.255,
"43.30",4.412,7.263333,
"43.35",4.418,7.271667,
"43.40",4.425,7.28,
"43.45",4.433,7.288333,
"43.50",4.439,7.296667,
"43.55",4.446,7.305,
"43.60",4.452,7.313334,
"43.65",4.458,7.321667,
"43.70",4.465,7.33,
"43.75",4.471,7.338333,
"43.80",4.478,7.346667,
"43.85",4.484,7.355,
"43.90",4.491,7.363667,
"43.95",4.497,7.372,
"44.00",4.505,7.38,
"44.05",4.511,7.388333,
"44.10",4.517,7.396667,
"44.15",4.524,7.405,
"44.20",4.529,7.413333,
"44.25",4.535,7.421667,
"44.30",4.543,7.43,
"44.35",4.548,7.438334,
"44.40",4.555,7.446667,
"44.45",4.562,7.455,
"44.50",4.568,7.463333,
"44.55",4.575,7.471667,
"44.60",4.582,7.48,
"44.65",4.587,7.488333,
"44.70",4.594,7.496666,
"44.75",4.6,7.505,
"44.80",4.606,7.513333,
"44.85",4.612,7.521667,
"44.90",4.619,7.53,
"44.95",4.624,7.538333,
"45.00",4.63,7.546667,
"45.05",4.635,7.555,
"45.10",4.641,7.563334,
"45.15",4.648,7.571667,
"45.20",4.654,7.58,
"45.25",4.66,7.588333,
"45.30",4.666,7.596667,
"45.35",4.671,7.605,
"45.40",4.678,7.613333,
"45.45",4.684,7.621666,
"45.50",4.69,7.63,
"45.55",4.697,7.638333,
"45.60",4.704,7.646667,
"45.65",4.711,7.655,
"45.70",4.716,7.663333,
"45.75",4.722,7.671667,
"45.80",4.727,7.68,
"45.85",4.732,7.688667,
"45.90",4.74,7.696667,
"45.95",4.747,7.705,
"46.00",4.753,7.713333,
"46.05",4.76,7.722,
"46.10",4.767,7.73,
"46.15",4.773,7.738333,
"46.20",4.78,7.746666,
"46.25",4.786,7.755,
"46.30",4.792,7.763333,
"46.35",4.798,7.772,
"46.40",4.804,7.78,
"46.45",4.81,7.788333,
"46.50",4.816,7.796667,
"46.55",4.821,7.805,
"46.60",4.828,7.813334,
"46.65",4.835,7.821667,
"46.70",4.842,7.83,
"46.75",4.848,7.838333,
"46.80",4.854,7.846667,
"46.85",4.861,7.855,
"46.90",4.866,7.863333,
"46.95",4.874,7.871666,
"47.00",4.88,7.88,
"47.05",4.885,7.888333,
"47.10",4.891,7.896667,
"47.15",4.895,7.905,
"47.20",4.9,7.913333,
"47.25",4.907,7.921667,
"47.30",4.912,7.93,
"47.35",4.92,7.938667,
"47.40",4.927,7.946667,
"47.45",4.932,7.955,
"47.50",4.94,7.963666,
"47.55",4.946,7.971667,
"47.60",4.953,7.98,
"47.65",4.959,7.988333,
"47.70",4.965,7.996666,
"47.75",4.972,8.005,
"47.80",4.978,8.013333,
"47.85",4.985,8.021667,
"47.90",4.991,8.03,
"47.95",4.997,8.038333,
"48.00",5.003,8.046667,
"48.05",5.01,8.055,
"48.10",5.016,8.063334,
"48.15",5.022,8.071667,
"48.20",5.029,8.08,
"48.25",5.034,8.088333,
"48.30",5.039,8.096666,
"48.35",5.046,8.105333,
"48.40",5.053,8.113667,
"48.45",5.058,8.121667,
"48.50",5.066,8.13,
"48.55",5.073,8.138667,
"48.60",5.081,8.147,
"48.65",5.088,8.155,
"48.70",5.094,8.163667,
"48.75",5.099,8.172,
"48.80",5.104,8.180333,
"48.85",5.109,8.188666,
"48.90",5.117,8.196667,
"48.95",5.124,8.205,
"49.00",5.131,8.213333,
"49.05",5.137,8.221666,
"49.10",5.141,8.23,
"49.15",5.147,8.238334,
"49.20",5.154,8.246667,
"49.25",5.16,8.255,
"49.30",5.166,8.263333,
"49.35",5.172,8.271667,
"49.40",5.178,8.28,
"49.45",5.185,8.288333,
"49.50",5.192,8.296667,
"49.55",5.198,8.305,
"49.60",5.204,8.313334,
"49.65",5.209,8.321667,
"49.70",5.214,8.33,
"49.75",5.221,8.338333,
"49.80",5.228,8.346666,
"49.85",5.236,8.355,
"49.90",5.242,8.363334,
"49.95",5.248,8.371667,
"50.00",5.255,8.38,
"50.05",5.26,8.388333,
"50.10",5.267,8.396667,
"50.15",5.272,8.405,
"50.20",5.279,8.413333,
"50.25",5.285,8.421667,
"50.30",5.291,8.43,
"50.35",5.298,8.438334,
"50.40",5.304,8.446667,
"50.45",5.31,8.455334,
"50.50",5.314,8.463333,
"50.55",5.321,8.472,
"50.60",5.328,8.48,
"50.65",5.334,8.488334,
"50.70",5.343,8.496667,
"50.75",5.349,8.505,
"50.80",5.355,8.513667,
"50.85",5.361,8.521667,
"50.90",5.366,8.53,
"50.95",5.372,8.538333,
"51.00",5.379,8.546667,
"51.05",5.384,8.555333,
"51.10",5.391,8.563334,
"51.15",5.396,8.571667,
"51.20",5.401,8.58,
"51.25",5.406,8.588333,
"51.30",5.411,8.597,
"51.35",5.411,8.605333,
"51.40",5.353,8.613667,
"51.45",5.229,8.622,
"51.50",5.109,8.630333,
"51.55",4.994,8.638667,
"51.60",4.94,8.647,
"51.65",4.94,8.655,
"51.70",4.951,8.663333,
"51.75",4.962,8.671667,
"51.80",4.973,8.68,
"51.85",4.983,8.688334,
"51.90",4.994,8.696667,
"51.95",5.005,8.705,
"52.00",5.016,8.713333,
"52.05",5.026,8.721666,
"52.10",5.037,8.73,
"52.15",5.048,8.738334,
"52.20",5.058,8.746667,
"52.25",5.069,8.755,
"52.30",5.08,8.763333,
"52.35",5.09,8.772,
"52.40",5.103,8.78,
"52.45",5.114,8.788333,
"52.50",5.126,8.796667,
"52.55",5.138,8.805,
"52.60",5.148,8.813334,
"52.65",5.159,8.821667,
"52.70",5.17,8.83,
"52.75",5.181,8.838333,
"52.80",5.192,8.846666,
"52.85",5.203,8.855333,
"52.90",5.215,8.863667,
"52.95",5.225,8.872,
"53.00",5.236,8.88,
"53.05",5.245,8.888667,
"53.10",5.254,8.897,
"53.15",5.264,8.905334,
"53.20",5.275,8.913667,
"53.25",5.286,8.922,
"53.30",5.297,8.930333,
"53.35",5.309,8.938666,
"53.40",5.319,8.947,
"53.45",5.327,8.955334,
"53.50",5.337,8.963667,
"53.55",5.348,8.972,
"53.60",5.358,8.98,
"53.65",5.369,8.988334,
"53.70",5.378,8.996667,
"53.75",5.386,9.005,
"53.80",5.395,9.013667,
"53.85",5.402,9.022,
"53.90",5.413,9.03,
"53.95",5.422,9.038667,
"54.00",5.431,9.047,
"54.05",5.441,9.055,
"54.10",5.45,9.063334,
"54.15",5.459,9.071667,
"54.20",5.467,9.08,
"54.25",5.476,9.088333,
"54.30",5.484,9.096666,
"54.35",5.493,9.105333,
"54.40",5.501,9.113334,
"54.45",5.509,9.121667,
"54.50",5.518,9.13,
"54.55",5.527,9.138333,
"54.60",5.535,9.146667,
"54.65",5.543,9.155,
"54.70",5.55,9.163333,
"54.75",5.558,9.171667,
"54.80",5.566,9.18,
"54.85",5.573,9.188334,
"54.90",5.583,9.196667,
"54.95",5.591,9.205,
"55.00",5.599,9.213333,
"55.05",5.607,9.221666,
"55.10",5.614,9.23,
"55.15",5.62,9.238334,
"55.20",5.628,9.246667,
"55.25",5.635,9.255,
"55.30",5.644,9.263667,
"55.35",5.651,9.272,
"55.40",5.658,9.280334,
"55.45",5.666,9.288667,
"55.50",5.672,9.297,
"55.55",5.68,9.305333,
"55.60",5.688,9.313666,
"55.65",5.696,9.321667,
"55.70",5.705,9.33,
"55.75",5.711,9.338333,
"55.80",5.717,9.346666,
"55.85",5.724,9.355333,
"55.90",5.73,9.363334,
"55.95",5.738,9.371667,
"56.00",5.745,9.380333,
"56.05",5.751,9.388667,
"56.10",5.757,9.397,
"56.15",5.762,9.405334,
"56.20",5.77,9.413667,
"56.25",5.776,9.422,
"56.30",5.784,9.430333,
"56.35",5.791,9.438666,
"56.40",5.798,9.447,
"56.45",5.804,9.455334,
"56.50",5.81,9.463333,
"56.55",5.816,9.472,
"56.60",5.823,9.48,
"56.65",5.831,9.488334,
"56.70",5.839,9.496667,
"56.75",5.845,9.505333,
"56.80",5.851,9.513667,
"56.85",5.857,9.522,
"56.90",5.864,9.530334,
"56.95",5.868,9.538333,
"57.00",5.874,9.546667,
"57.05",5.88,9.555,
"57.10",5.884,9.563334,
"57.15",5.891,9.571667,
"57.20",5.896,9.58,
"57.25",5.903,9.588333,
"57.30",5.91,9.596666,
"57.35",5.919,9.605333,
"57.40",5.926,9.613667,
"57.45",5.934,9.622,
"57.50",5.941,9.630333,
"57.55",5.947,9.638667,
"57.60",5.953,9.646667,
"57.65",5.959,9.655,
"57.70",5.965,9.663333,
"57.75",5.971,9.671667,
"57.80",5.979,9.68,
"57.85",5.985,9.688666,
"57.90",5.992,9.696667,
"57.95",5.998,9.705,
"58.00",6.004,9.713333,
"58.05",6.008,9.722,
"58.10",6.014,9.730333,
"58.15",6.021,9.738334,
"58.20",6.029,9.747,
"58.25",6.036,9.755333,
"58.30",6.043,9.763667,
"58.35",6.048,9.772,
"58.40",6.054,9.780334,
"58.45",6.06,9.788667,
"58.50",6.065,9.797,
"58.55",6.075,9.805333,
"58.60",6.083,9.813666,
"58.65",6.09,9.821667,
"58.70",6.097,9.83,
"58.75",6.102,9.838333,
"58.80",6.109,9.846666,
"58.85",6.115,9.855,
"58.90",6.121,9.863334,
"58.95",6.128,9.871667,
"59.00",6.133,9.88,
"59.05",6.138,9.888667,
"59.10",6.145,9.897,
"59.15",6.151,9.905334,
"59.20",6.158,9.913667,
"59.25",6.165,9.922,
"59.30",6.172,9.930333,
"59.35",6.177,9.938666,
"59.40",6.183,9.947,
"59.45",6.189,9.955334,
"59.50",6.194,9.963667,
"59.55",6.201,9.971666,
"59.60",6.207,9.98,
"59.65",6.213,9.988334,
"59.70",6.22,9.996667,
"59.75",6.228,10.005,
"59.80",6.235,10.01333,
"59.85",6.242,10.02167,
"59.90",6.248,10.03,
"59.95",6.253,10.03833,
"60.00",6.259,10.04667,
"60.05",6.266,10.055,
"60.10",6.272,10.06333,
"60.15",6.278,10.07167,
"60.20",6.285,10.08,
"60.25",6.29,10.08833,
"60.30",6.296,10.097,
"60.35",6.302,10.10533,
"60.40",6.308,10.11367,
"60.45",6.314,10.122,
"60.50",6.321,10.13,
"60.55",6.327,10.13867,
"60.60",6.333,10.14667,
"60.65",6.338,10.155,
"60.70",6.343,10.16333,
"60.75",6.348,10.17167,
"60.80",6.355,10.18,
"60.85",6.362,10.18833,
"60.90",6.368,10.19667,
"60.95",6.376,10.205,
"61.00",6.381,10.21333,
"61.05",6.385,10.22167,
"61.10",6.391,10.23033,
"61.15",6.397,10.23833,
"61.20",6.404,10.24667,
"61.25",6.41,10.255,
"61.30",6.416,10.26333,
"61.35",6.422,10.27167,
"61.40",6.426,10.28,
"61.45",6.43,10.28833,
"61.50",6.436,10.297,
"61.55",6.442,10.305,
"61.60",6.448,10.31333,
"61.65",6.455,10.32167,
"61.70",6.462,10.33,
"61.75",6.468,10.33833,
"61.80",6.477,10.34667,
"61.85",6.483,10.355,
"61.90",6.489,10.36333,
"61.95",6.493,10.37167,
"62.00",6.499,10.38,
"62.05",6.504,10.38833,
"62.10",6.51,10.39667,
"62.15",6.515,10.405,
"62.20",6.52,10.41333,
"62.25",6.526,10.42167,
"62.30",6.532,10.43,
"62.35",6.538,10.43867,
"62.40",6.545,10.447,
"62.45",6.549,10.45533,
"62.50",6.555,10.46333,
"62.55",6.559,10.47167,
"62.60",6.566,10.48,
"62.65",6.57,10.48833,
"62.70",6.575,10.497,
"62.75",6.581,10.50533,
"62.80",6.585,10.51367,
"62.85",6.59,10.52167,
"62.90",6.595,10.53033,
"62.95",6.602,10.53833,
"63.00",6.609,10.54667,
"63.05",6.615,10.555,
"63.10",6.622,10.56333,
"63.15",6.628,10.57167,
"63.20",6.634,10.58,
"63.25",6.641,10.58867,
"63.30",6.647,10.597,
"63.35",6.653,10.60533,
"63.40",6.659,10.61367,
"63.45",6.665,10.622,
"63.50",6.673,10.63033,
"63.55",6.681,10.63867,
"63.60",6.689,10.647,
"63.65",6.696,10.655,
"63.70",6.704,10.66333,
"63.75",6.71,10.67167,
"63.80",6.717,10.68,
"63.85",6.725,10.68833,
"63.90",6.731,10.69667,
"63.95",6.737,10.70533,
"64.00",6.743,10.71367,
"64.05",6.75,10.722,
"64.10",6.756,10.73033,
"64.15",6.764,10.73867,
"64.20",6.771,10.747,
"64.25",6.777,10.75533,
"64.30",6.783,10.76367,
"64.35",6.789,10.772,
"64.40",6.796,10.78033,
"64.45",6.805,10.78867,
"64.50",6.813,10.797,
"64.55",6.822,10.80533,
"64.60",6.83,10.81367,
"64.65",6.836,10.82167,
"64.70",6.844,10.83,
"64.75",6.85,10.83833,
"64.80",6.856,10.84667,
"64.85",6.862,10.855,
"64.90",6.868,10.86333,
"64.95",6.875,10.87167,
"65.00",6.881,10.88033,
"65.05",6.887,10.88833,
"65.10",6.893,10.897,
"65.15",6.9,10.90533,
"65.20",6.907,10.91333,
"65.25",6.914,10.92167,
"65.30",6.922,10.93,
"65.35",6.928,10.93867,
"65.40",6.935,10.94667,
"65.45",6.942,10.955,
"65.50",6.949,10.96333,
"65.55",6.958,10.97167,
"65.60",6.965,10.98,
"65.65",6.973,10.98833,
"65.70",6.98,10.99667,
"65.75",6.987,11.005,
"65.80",6.994,11.01333,
"65.85",6.999,11.02167,
"65.90",7.006,11.03,
"65.95",7.015,11.03833,
"66.00",7.023,11.04667,
"66.05",7.03,11.055,
"66.10",7.037,11.06333,
"66.15",7.043,11.07167,
"66.20",7.05,11.08,
"66.25",7.058,11.08833,
"66.30",7.064,11.09667,
"66.35",7.071,11.105,
"66.40",7.077,11.11333,
"66.45",7.084,11.12167,
"66.50",7.092,11.13,
"66.55",7.099,11.13833,
"66.60",7.108,11.14667,
"66.65",7.116,11.155,
"66.70",7.123,11.16333,
"66.75",7.131,11.17167,
"66.80",7.138,11.18033,
"66.85",7.145,11.18867,
"66.90",7.153,11.19667,
"66.95",7.161,11.205,
"67.00",7.168,11.21333,
"67.05",7.175,11.22167,
"67.10",7.183,11.23,
"67.15",7.189,11.23833,
"67.20",7.198,11.24667,
"67.25",7.204,11.255,
"67.30",7.21,11.26333,
"67.35",7.216,11.27167,
"67.40",7.223,11.28,
"67.45",7.229,11.28833,
"67.50",7.237,11.29667,
"67.55",7.244,11.305,
"67.60",7.253,11.31333,
"67.65",7.26,11.32167,
"67.70",7.268,11.33,
"67.75",7.276,11.33867,
"67.80",7.283,11.347,
"67.85",7.292,11.355,
"67.90",7.301,11.36333,
"67.95",7.309,11.37167,
"68.00",7.317,11.38,
"68.05",7.322,11.38867,
"68.10",7.329,11.397,
"68.15",7.335,11.405,
"68.20",7.343,11.41333,
"68.25",7.352,11.42167,
"68.30",7.36,11.43,
"68.35",7.367,11.43867,
"68.40",7.374,11.447,
"68.45",7.382,11.455,
"68.50",7.389,11.46333,
"68.55",7.397,11.472,
"68.60",7.404,11.48,
"68.65",7.411,11.48833,
"68.70",7.418,11.49667,
"68.75",7.425,11.505,
"68.80",7.434,11.51333,
"68.85",7.441,11.52167,
"68.90",7.449,11.53,
"68.95",7.457,11.53833,
"69.00",7.464,11.54667,
"69.05",7.472,11.555,
"69.10",7.479,11.56333,
"69.15",7.485,11.57167,
"69.20",7.493,11.58,
"69.25",7.5,11.58833,
"69.30",7.508,11.59667,
"69.35",7.516,11.605,
"69.40",7.525,11.61333,
"69.45",7.533,11.62167,
"69.50",7.54,11.63,
"69.55",7.548,11.63833,
"69.60",7.556,11.64667,
"69.65",7.565,11.65467,
"69.70",7.573,11.663,
"69.75",7.58,11.67167,
"69.80",7.586,11.68,
"69.85",7.592,11.68833,
"69.90",7.598,11.69667,
"69.95",7.606,11.705,
"70.00",7.612,11.71333,
"70.05",7.619,11.72167,
"70.10",7.627,11.73,
"70.15",7.633,11.73833,
"70.20",7.639,11.74667,
"70.25",7.646,11.755,
"70.30",7.652,11.76333,
"70.35",7.659,11.77167,
"70.40",7.668,11.78,
"70.45",7.676,11.78833,
"70.50",7.684,11.79667,
"70.55",7.692,11.805,
"70.60",7.7,11.813,
"70.65",7.709,11.82167,
"70.70",7.716,11.83,
"70.75",7.725,11.83833,
"70.80",7.733,11.84667,
"70.85",7.74,11.85467,
"70.90",7.748,11.863,
"70.95",7.755,11.87133,
"71.00",7.763,11.87967,
"71.05",7.771,11.888,
"71.10",7.777,11.89633,
"71.15",7.785,11.90467,
"71.20",7.792,11.913,
"71.25",7.799,11.92167,
"71.30",7.807,11.93,
"71.35",7.815,11.93833,
"71.40",7.823,11.94667,
"71.45",7.83,11.955,
"71.50",7.839,11.96333,
"71.55",7.848,11.97167,
"71.60",7.856,11.98,
"71.65",7.862,11.98833,
"71.70",7.868,11.99667,
"71.75",7.874,12.005,
"71.80",7.882,12.01333,
"71.85",7.89,12.02167,
"71.90",7.899,12.03,
"71.95",7.907,12.03833,
"72.00",7.915,12.04667,
"72.05",7.921,12.055,
"72.10",7.929,12.06333,
"72.15",7.936,12.07167,
"72.20",7.943,12.08,
"72.25",7.951,12.08833,
"72.30",7.958,12.09667,
"72.35",7.965,12.105,
"72.40",7.973,12.11333,
"72.45",7.982,12.12167,
"72.50",7.989,12.13,
"72.55",7.998,12.13833,
"72.60",8.004,12.14667,
"72.65",8.011,12.155,
"72.70",8.019,12.16333,
"72.75",8.027,12.17167,
"72.80",8.035,12.18,
"72.85",8.042,12.18833,
"72.90",8.048,12.19667,
"72.95",8.054,12.205,
"73.00",8.06,12.21333,
"73.05",8.068,12.22167,
"73.10",8.075,12.23,
"73.15",8.082,12.23833,
"73.20",8.089,12.24667,
"73.25",8.096,12.255,
"73.30",8.103,12.26333,
"73.35",8.111,12.27167,
"73.40",8.117,12.28,
"73.45",8.124,12.28833,
"73.50",8.131,12.29667,
"73.55",8.139,12.305,
"73.60",8.147,12.31333,
"73.65",8.155,12.32167,
"73.70",8.162,12.33,
"73.75",8.169,12.33833,
"73.80",8.178,12.34667,
"73.85",8.185,12.355,
"73.90",8.192,12.36333,
"73.95",8.198,12.37167,
"74.00",8.204,12.38,
"74.05",8.211,12.38833,
"74.10",8.216,12.39667,
"74.15",8.224,12.405,
"74.20",8.231,12.41333,
"74.25",8.236,12.42167,
"74.30",8.243,12.43,
"74.35",8.25,12.43833,
"74.40",8.257,12.44667,
"74.45",8.265,12.455,
"74.50",8.272,12.46333,
"74.55",8.278,12.47167,
"74.60",8.285,12.48,
"74.65",8.292,12.48833,
"74.70",8.299,12.49633,
"74.75",8.307,12.50467,
"74.80",8.314,12.51333,
"74.85",8.321,12.52167,
"74.90",8.328,12.53,
"74.95",8.334,12.53833,
"75.00",8.342,12.54667,
"75.05",8.349,12.555,
"75.10",8.356,12.56333,
"75.15",8.365,12.57167,
"75.20",8.372,12.58,
"75.25",8.379,12.58833,
"75.30",8.385,12.59667,
"75.35",8.392,12.60533,
"75.40",8.401,12.61333,
"75.45",8.408,12.622,
"75.50",8.415,12.63033,
"75.55",8.423,12.63833,
"75.60",8.43,12.64667,
"75.65",8.437,12.655,
"75.70",8.444,12.66333,
"75.75",8.451,12.67167,
"75.80",8.459,12.68033,
"75.85",8.466,12.68867,
"75.90",8.474,12.69667,
"75.95",8.482,12.705,
"76.00",8.489,12.71333,
"76.05",8.497,12.72167,
"76.10",8.503,12.73033,
"76.15",8.511,12.73833,
"76.20",8.517,12.74667,
"76.25",8.524,12.755,
"76.30",8.531,12.76367,
"76.35",8.539,12.77167,
"76.40",8.547,12.78,
"76.45",8.555,12.78833,
"76.50",8.565,12.79667,
"76.55",8.574,12.805,
"76.60",8.582,12.81333,
"76.65",8.591,12.82167,
"76.70",8.599,12.83,
"76.75",8.606,12.83833,
"76.80",8.615,12.84667,
"76.85",8.622,12.855,
"76.90",8.631,12.86333,
"76.95",8.638,12.87167,
"77.00",8.647,12.88,
"77.05",8.654,12.88833,
"77.10",8.66,12.89667,
"77.15",8.669,12.905,
"77.20",8.677,12.91333,
"77.25",8.683,12.92167,
"77.30",8.691,12.93,
"77.35",8.699,12.93833,
"77.40",8.705,12.94667,
"77.45",8.713,12.955,
"77.50",8.719,12.96333,
"77.55",8.726,12.97167,
"77.60",8.733,12.98,
"77.65",8.741,12.98833,
"77.70",8.749,12.99667,
"77.75",8.757,13.005,
"77.80",8.766,13.01333,
"77.85",8.772,13.02167,
"77.90",8.779,13.03,
"77.95",8.785,13.03833,
"78.00",8.792,13.04667,
"78.05",8.798,13.055,
"78.10",8.805,13.06333,
"78.15",8.813,13.07167,
"78.20",8.82,13.08,
"78.25",8.829,13.08833,
"78.30",8.836,13.097,
"78.35",8.845,13.10533,
"78.40",8.854,13.11367,
"78.45",8.862,13.12167,
"78.50",8.872,13.13,
"78.55",8.879,13.13867,
"78.60",8.888,13.14667,
"78.65",8.896,13.155,
"78.70",8.902,13.16333,
"78.75",8.911,13.17167,
"78.80",8.918,13.18,
"78.85",8.926,13.18833,
"78.90",8.933,13.19667,
"78.95",8.94,13.205,
"79.00",8.947,13.21333,
"79.05",8.955,13.222,
"79.10",8.964,13.23,
"79.15",8.973,13.23833,
"79.20",8.98,13.24667,
"79.25",8.986,13.255,
"79.30",8.993,13.26333,
"79.35",9.001,13.272,
"79.40",9.009,13.28,
"79.45",9.018,13.28833,
"79.50",9.026,13.297,
"79.55",9.033,13.30533,
"79.60",9.041,13.31367,
"79.65",9.049,13.32167,
"79.70",9.058,13.33,
"79.75",9.068,13.33833,
"79.80",9.077,13.34667,
"79.85",9.086,13.35533,
"79.90",9.094,13.36333,
"79.95",9.102,13.37167,
"80.00",9.108,13.38033,
"80.05",9.114,13.38867,
"80.10",9.122,13.397,
"80.15",9.129,13.405,
"80.20",9.138,13.41333,
"80.25",9.146,13.42167,
"80.30",9.153,13.43,
"80.35",9.161,13.43867,
"80.40",9.169,13.44667,
"80.45",9.178,13.455,
"80.50",9.187,13.46367,
"80.55",9.195,13.47167,
"80.60",9.204,13.48,
"80.65",9.213,13.48833,
"80.70",9.222,13.497,
"80.75",9.232,13.505,
"80.80",9.239,13.51333,
"80.85",9.248,13.52167,
"80.90",9.255,13.53,
"80.95",9.262,13.53833,
"81.00",9.271,13.54667,
"81.05",9.278,13.555,
"81.10",9.287,13.56333,
"81.15",9.296,13.57167,
"81.20",9.303,13.58,
"81.25",9.312,13.58833,
"81.30",9.318,13.59667,
"81.35",9.326,13.605,
"81.40",9.335,13.61333,
"81.45",9.342,13.62167,
"81.50",9.351,13.63033,
"81.55",9.359,13.63867,
"81.60",9.367,13.64667,
"81.65",9.377,13.655,
"81.70",9.385,13.66333,
"81.75",9.394,13.67167,
"81.80",9.404,13.68,
"81.85",9.412,13.68833,
"81.90",9.421,13.69667,
"81.95",9.429,13.705,
"82.00",9.438,13.71333,
"82.05",9.447,13.72167,
"82.10",9.455,13.73,
"82.15",9.463,13.73833,
"82.20",9.472,13.74667,
"82.25",9.48,13.755,
"82.30",9.488,13.76333,
"82.35",9.498,13.77167,
"82.40",9.504,13.78,
"82.45",9.512,13.78833,
"82.50",9.521,13.79667,
"82.55",9.529,13.805,
"82.60",9.538,13.81333,
"82.65",9.547,13.82167,
"82.70",9.557,13.83,
"82.75",9.565,13.83833,
"82.80",9.575,13.84667,
"82.85",9.583,13.855,
"82.90",9.59,13.86333,
"82.95",9.601,13.87167,
"83.00",9.61,13.88,
"83.05",9.618,13.88833,
"83.10",9.627,13.89667,
"83.15",9.633,13.905,
"83.20",9.642,13.91333,
"83.25",9.652,13.92167,
"83.30",9.661,13.93033,
"83.35",9.672,13.93867,
"83.40",9.679,13.947,
"83.45",9.686,13.95533,
"83.50",9.696,13.96367,
"83.55",9.704,13.972,
"83.60",9.713,13.98033,
"83.65",9.723,13.98867,
"83.70",9.731,13.997,
"83.75",9.741,14.00533,
"83.80",9.749,14.01367,
"83.85",9.757,14.022,
"83.90",9.766,14.03033,
"83.95",9.774,14.03867,
"84.00",9.784,14.047,
"84.05",9.792,14.05533,
"84.10",9.8,14.06367,
"84.15",9.808,14.072,
"84.20",9.814,14.08033,
"84.25",9.824,14.08867,
"84.30",9.833,14.097,
"84.35",9.843,14.10533,
"84.40",9.853,14.11367,
"84.45",9.862,14.122,
"84.50",9.87,14.13033,
"84.55",9.876,14.13867,
"84.60",9.884,14.147,
"84.65",9.892,14.15533,
"84.70",9.9,14.16367,
"84.75",9.91,14.172,
"84.80",9.92,14.18033,
"84.85",9.927,14.18867,
"84.90",9.934,14.197,
"84.95",9.941,14.20533,
"85.00",9.949,14.21367,
"85.05",9.957,14.222,
"85.10",9.965,14.23033,
"85.15",9.973,14.23867,
"85.20",9.979,14.247,
"85.25",9.987,14.25533,
"85.30",9.994,14.26367,
"85.35",10.001,14.272,
"85.40",10.01,14.28033,
"85.45",10.018,14.28867,
"85.50",10.027,14.297,
"85.55",10.036,14.30533,
"85.60",10.045,14.31367,
"85.65",10.054,14.322,
"85.70",10.062,14.33033,
"85.75",10.072,14.33833,
"85.80",10.081,14.347,
"85.85",10.089,14.35533,
"85.90",10.098,14.36367,
"85.95",10.106,14.372,
"86.00",10.113,14.38033,
"86.05",10.121,14.38867,
"86.10",10.129,14.397,
"86.15",10.136,14.405,
"86.20",10.144,14.41333,
"86.25",10.153,14.42167,
"86.30",10.16,14.43,
"86.35",10.168,14.43867,
"86.40",10.176,14.44667,
"86.45",10.183,14.45533,
"86.50",10.191,14.46333,
"86.55",10.199,14.472,
"86.60",10.206,14.48,
"86.65",10.215,14.48833,
"86.70",10.223,14.497,
"86.75",10.23,14.50533,
"86.80",10.238,14.51367,
"86.85",10.245,14.522,
"86.90",10.251,14.53,
"86.95",10.259,14.53833,
"87.00",10.266,14.54667,
"87.05",10.272,14.555,
"87.10",10.282,14.56333,
"87.15",10.288,14.57167,
"87.20",10.295,14.58,
"87.25",10.302,14.58833,
"87.30",10.307,14.59667,
"87.35",10.315,14.60533,
"87.40",10.323,14.61333,
"87.45",10.333,14.62167,
"87.50",10.34,14.63,
"87.55",10.349,14.63867,
"87.60",10.359,14.647,
"87.65",10.369,14.655,
"87.70",10.38,14.66333,
"87.75",10.389,14.67167,
"87.80",10.399,14.68033,
"87.85",10.407,14.68867,
"87.90",10.416,14.697,
"87.95",10.425,14.70533,
"88.00",10.433,14.71367,
"88.05",10.444,14.722,
"88.10",10.454,14.73033,
"88.15",10.464,14.73867,
"88.20",10.473,14.747,
"88.25",10.482,14.75533,
"88.30",10.491,14.76367,
"88.35",10.502,14.772,
"88.40",10.512,14.78033,
"88.45",10.521,14.78867,
"88.50",10.532,14.79667,
"88.55",10.541,14.80533,
"88.60",10.551,14.81333,
"88.65",10.562,14.82167,
"88.70",10.57,14.83,
"88.75",10.58,14.83833,
"88.80",10.588,14.847,
"88.85",10.599,14.85533,
"88.90",10.61,14.86333,
"88.95",10.62,14.87167,
"89.00",10.631,14.88,
"89.05",10.641,14.88833,
"89.10",10.649,14.89667,
"89.15",10.659,14.905,
"89.20",10.668,14.91333,
"89.25",10.678,14.92167,
"89.30",10.689,14.93033,
"89.35",10.699,14.93867,
"89.40",10.707,14.947,
"89.45",10.718,14.95533,
"89.50",10.728,14.96367,
"89.55",10.737,14.972,
"89.60",10.749,14.98033,
"89.65",10.758,14.98867,
"89.70",10.766,14.99667,
"89.75",10.779,15.005,
"89.80",10.789,15.01333,
"89.85",10.8,15.022,
"89.90",10.81,15.03033,
"89.95",10.82,15.03867,
"90.00",10.828,15.047,
"90.05",10.837,15.05533,
"90.10",10.846,15.06367,
"90.15",10.856,15.07167,
"90.20",10.867,15.08,
"90.25",10.876,15.08833,
"90.30",10.886,15.09667,
"90.35",10.895,15.10533,
"90.40",10.903,15.11333,
"90.45",10.913,15.12167,
"90.50",10.922,15.13,
"90.55",10.932,15.13833,
"90.60",10.943,15.14667,
"90.65",10.953,15.155,
"90.70",10.963,15.16333,
"90.75",10.974,15.17167,
"90.80",10.984,15.18033,
"90.85",10.993,15.18867,
"90.90",11.002,15.197,
"90.95",11.01,15.205,
"91.00",11.019,15.21333,
"91.05",11.028,15.22167,
"91.10",11.038,15.23,
"91.15",11.049,15.23833,
"91.20",11.059,15.24667,
"91.25",11.069,15.255,
"91.30",11.079,15.26367,
"91.35",11.087,15.272,
"91.40",11.096,15.28033,
"91.45",11.106,15.28867,
"91.50",11.116,15.297,
"91.55",11.127,15.30533,
"91.60",11.136,15.31367,
"91.65",11.146,15.322,
"91.70",11.157,15.33,
"91.75",11.168,15.33833,
"91.80",11.177,15.347,
"91.85",11.187,15.35533,
"91.90",11.196,15.36333,
"91.95",11.205,15.372,
"92.00",11.216,15.38,
"92.05",11.225,15.38867,
"92.10",11.234,15.397,
"92.15",11.243,15.405,
"92.20",11.252,15.41367,
"92.25",11.26,15.42167,
"92.30",11.269,15.43,
"92.35",11.28,15.43867,
"92.40",11.29,15.44667,
"92.45",11.301,15.45533,
"92.50",11.312,15.46367,
"92.55",11.322,15.472,
"92.60",11.332,15.48,
"92.65",11.341,15.48833,
"92.70",11.351,15.49667,
"92.75",11.36,15.505,
"92.80",11.37,15.51367,
"92.85",11.379,15.522,
"92.90",11.389,15.53033,
"92.95",11.397,15.53833,
"93.00",11.404,15.54667,
"93.05",11.414,15.555,
"93.10",11.422,15.56367,
"93.15",11.434,15.572,
"93.20",11.443,15.58033,
"93.25",11.453,15.58867,
"93.30",11.463,15.597,
"93.35",11.473,15.60533,
"93.40",11.483,15.61367,
"93.45",11.493,15.622,
"93.50",11.502,15.63033,
"93.55",11.512,15.63867,
"93.60",11.523,15.647,
"93.65",11.534,15.655,
"93.70",11.544,15.66333,
"93.75",11.553,15.67167,
"93.80",11.562,15.68,
"93.85",11.57,15.68867,
"93.90",11.582,15.69667,
"93.95",11.592,15.705,
"94.00",11.601,15.71333,
"94.05",11.61,15.72167,
"94.10",11.618,15.73033,
"94.15",11.626,15.73833,
"94.20",11.634,15.74667,
"94.25",11.645,15.755,
"94.30",11.654,15.76333,
"94.35",11.664,15.772,
"94.40",11.673,15.78033,
"94.45",11.682,15.78867,
"94.50",11.691,15.797,
"94.55",11.701,15.80533,
"94.60",11.711,15.81367,
"94.65",11.721,15.822,
"94.70",11.731,15.83033,
"94.75",11.74,15.83867,
"94.80",11.749,15.847,
"94.85",11.76,15.85533,
"94.90",11.77,15.86367,
"94.95",11.779,15.872,
"95.00",11.786,15.88033,
"95.05",11.793,15.88867,
"95.10",11.801,15.897,
"95.15",11.808,15.90533,
"95.20",11.816,15.91367,
"95.25",11.823,15.922,
"95.30",11.829,15.93033,
"95.35",11.837,15.93867,
"95.40",11.846,15.947,
"95.45",11.854,15.95533,
"95.50",11.863,15.96367,
"95.55",11.87,15.972,
"95.60",11.876,15.98,
"95.65",11.882,15.98833,
"95.70",11.887,15.99667,
"95.75",11.887,16.005,
"95.80",11.886,16.01333,
"95.85",11.875,16.02167,
"95.90",11.696,16.03,
"95.95",11.488,16.03833,
"96.00",11.275,16.04667,
"96.05",11.068,16.055,
"96.10",11.027,16.06333,
"96.15",11.016,16.07167,
"96.20",11.014,16.08,
"96.25",11.013,16.08833,
"96.30",11.015,16.097,
"96.35",11.021,16.10533,
"96.40",11.03,16.11367,
"96.45",11.04,16.122,
"96.50",11.051,16.13,
"96.55",11.064,16.13867,
"96.60",11.078,16.14667,
"96.65",11.092,16.155,
"96.70",11.107,16.16333,
"96.75",11.12,16.17167,
"96.80",11.135,16.18,
"96.85",11.148,16.18833,
"96.90",11.161,16.19667,
"96.95",11.174,16.205,
"97.00",11.188,16.21333,
"97.05",11.202,16.22167,
"97.10",11.219,16.23,
"97.15",11.235,16.23833,
"97.20",11.25,16.24667,
"97.25",11.265,16.255,
"97.30",11.279,16.26367,
"97.35",11.293,16.272,
"97.40",11.308,16.28033,
"97.45",11.325,16.28867,
"97.50",11.342,16.297,
"97.55",11.357,16.30533,
"97.60",11.373,16.31367,
"97.65",11.388,16.32167,
"97.70",11.403,16.33,
"97.75",11.419,16.33867,
"97.80",11.435,16.347,
"97.85",11.45,16.35533,
"97.90",11.465,16.36367,
"97.95",11.481,16.37167,
"98.00",11.496,16.38,
"98.05",11.512,16.38833,
"98.10",11.527,16.39667,
"98.15",11.541,16.405,
"98.20",11.556,16.41333,
"98.25",11.57,16.42167,
"98.30",11.585,16.43,
"98.35",11.599,16.43867,
"98.40",11.614,16.447,
"98.45",11.629,16.45533,
"98.50",11.645,16.46333,
"98.55",11.66,16.472,
"98.60",11.676,16.48033,
"98.65",11.69,16.48867,
"98.70",11.705,16.49667,
"98.75",11.72,16.505,
"98.80",11.733,16.51367,
"98.85",11.747,16.52167,
"98.90",11.76,16.53,
"98.95",11.771,16.53833,
"99.00",11.784,16.54667,
"99.05",11.797,16.555,
"99.10",11.81,16.56333,
"99.15",11.823,16.57167,
"99.20",11.837,16.58,
"99.25",11.849,16.58833,
"99.30",11.862,16.59667,
"99.35",11.875,16.605,
"99.40",11.888,16.61367,
"99.45",11.902,16.62167,
"99.50",11.915,16.63033,
"99.55",11.928,16.63867,
"99.60",11.942,16.647,
"99.65",11.956,16.655,
"99.70",11.969,16.66333,
"99.75",11.983,16.67167,
"99.80",11.996,16.68,
"99.85",12.009,16.68833,
"99.90",12.022,16.69667,
"99.95",12.034,16.705,
"100.00",12.046,16.71333,
"100.05",12.058,16.72167,
"100.10",12.068,16.73,
"100.15",12.079,16.73833,
"100.20",12.09,16.74667,
"100.25",12.101,16.755,
"100.30",12.112,16.76333,
"100.35",12.124,16.772,
"100.40",12.137,16.78033,
"100.45",12.15,16.78867,
"100.50",12.162,16.797,
"100.55",12.174,16.80533,
"100.60",12.185,16.81333,
"100.65",12.197,16.82167,
"100.70",12.21,16.83,
"100.75",12.222,16.83833,
"100.80",12.234,16.84667,
"100.85",12.244,16.85533,
"100.90",12.255,16.86367,
"100.95",12.265,16.872,
"101.00",12.275,16.88033,
"101.05",12.286,16.88867,
"101.10",12.297,16.897,
"101.15",12.308,16.90533,
"101.20",12.319,16.91367,
"101.25",12.33,16.922,
"101.30",12.341,16.93033,
"101.35",12.352,16.93867,
"101.40",12.362,16.947,
"101.45",12.372,16.95533,
"101.50",12.382,16.96367,
"101.55",12.393,16.97167,
"101.60",12.404,16.98,
"101.65",12.416,16.98833,
"101.70",12.426,16.99667,
"101.75",12.437,17.005,
"101.80",12.449,17.01333,
"101.85",12.459,17.02167,
"101.90",12.47,17.03,
"101.95",12.481,17.03833,
"102.00",12.489,17.047,
"102.05",12.499,17.05533,
"102.10",12.51,17.06367,
"102.15",12.521,17.072,
"102.20",12.531,17.08033,
"102.25",12.54,17.08867,
"102.30",12.549,17.097,
"102.35",12.557,17.10533,
"102.40",12.566,17.11367,
"102.45",12.577,17.122,
"102.50",12.587,17.13033,
"102.55",12.599,17.13867,
"102.60",12.61,17.147,
"102.65",12.619,17.155,
"102.70",12.628,17.16333,
"102.75",12.636,17.172,
"102.80",12.646,17.18033,
"102.85",12.657,17.18867,
"102.90",12.668,17.197,
"102.95",12.678,17.20533,
"103.00",12.689,17.21367,
"103.05",12.698,17.222,
"103.10",12.707,17.23033,
"103.15",12.716,17.23867,
"103.20",12.723,17.247,
"103.25",12.734,17.25533,
"103.30",12.744,17.26367,
"103.35",12.754,17.272,
"103.40",12.765,17.28033,
"103.45",12.773,17.28867,
"103.50",12.782,17.297,
"103.55",12.792,17.30533,
"103.60",12.802,17.31367,
"103.65",12.813,17.32167,
"103.70",12.823,17.33,
"103.75",12.833,17.33833,
"103.80",12.843,17.347,
"103.85",12.853,17.355,
"103.90",12.863,17.36333,
"103.95",12.87,17.37167,
"104.00",12.879,17.38033,
"104.05",12.888,17.38867,
"104.10",12.896,17.397,
"104.15",12.906,17.40533,
"104.20",12.915,17.41367,
"104.25",12.925,17.42167,
"104.30",12.934,17.43033,
"104.35",12.944,17.43867,
"104.40",12.954,17.447,
"104.45",12.965,17.45533,
"104.50",12.975,17.46367,
"104.55",12.985,17.472,
"104.60",12.995,17.48033,
"104.65",13.005,17.48833,
"104.70",13.016,17.49667,
"104.75",13.024,17.505,
"104.80",13.035,17.51367,
"104.85",13.045,17.522,
"104.90",13.054,17.53,
"104.95",13.064,17.53833,
"105.00",13.072,17.547,
"105.05",13.08,17.555,
"105.10",13.086,17.56367,
"105.15",13.096,17.572,
"105.20",13.105,17.58,
"105.25",13.116,17.58833,
"105.30",13.128,17.59667,
"105.35",13.138,17.605,
"105.40",13.148,17.61333,
"105.45",13.155,17.62167,
"105.50",13.165,17.63,
"105.55",13.175,17.63833,
"105.60",13.186,17.64667,
"105.65",13.198,17.655,
"105.70",13.206,17.66333,
"105.75",13.218,17.67167,
"105.80",13.23,17.68,
"105.85",13.24,17.68833,
"105.90",13.251,17.69667,
"105.95",13.26,17.705,
"106.00",13.268,17.71333,
"106.05",13.279,17.72167,
"106.10",13.289,17.73,
"106.15",13.299,17.73833,
"106.20",13.31,17.74667,
"106.25",13.319,17.755,
"106.30",13.329,17.76333,
"106.35",13.34,17.77167,
"106.40",13.351,17.78,
"106.45",13.363,17.78833,
"106.50",13.373,17.79667,
"106.55",13.384,17.805,
"106.60",13.394,17.81333,
"106.65",13.404,17.82167,
"106.70",13.415,17.83,
"106.75",13.426,17.83833,
"106.80",13.437,17.84667,
"106.85",13.449,17.855,
"106.90",13.459,17.86333,
"106.95",13.469,17.87167,
"107.00",13.48,17.88,
"107.05",13.49,17.88833,
"107.10",13.5,17.89667,
"107.15",13.508,17.905,
"107.20",13.517,17.91333,
"107.25",13.527,17.92167,
"107.30",13.538,17.93,
"107.35",13.549,17.93833,
"107.40",13.559,17.94667,
"107.45",13.569,17.955,
"107.50",13.58,17.96333,
"107.55",13.591,17.97167,
"107.60",13.602,17.98,
"107.65",13.613,17.98833,
"107.70",13.623,17.99667,
"107.75",13.633,18.005,
"107.80",13.643,18.01333,
"107.85",13.654,18.02167,
"107.90",13.665,18.03,
"107.95",13.674,18.03833,
"108.00",13.683,18.04667,
"108.05",13.692,18.055,
"108.10",13.701,18.06367,
"108.15",13.711,18.07167,
"108.20",13.721,18.08033,
"108.25",13.731,18.08867,
"108.30",13.741,18.097,
"108.35",13.753,18.10533,
"108.40",13.763,18.11367,
"108.45",13.774,18.122,
"108.50",13.785,18.13033,
"108.55",13.795,18.13867,
"108.60",13.805,18.147,
"108.65",13.816,18.155,
"108.70",13.828,18.16333,
"108.75",13.839,18.17167,
"108.80",13.851,18.18033,
"108.85",13.86,18.18833,
"108.90",13.87,18.197,
"108.95",13.878,18.205,
"109.00",13.889,18.21367,
"109.05",13.898,18.22167,
"109.10",13.907,18.23033,
"109.15",13.917,18.23833,
"109.20",13.925,18.24667,
"109.25",13.936,18.255,
"109.30",13.946,18.26367,
"109.35",13.957,18.272,
"109.40",13.968,18.28,
"109.45",13.978,18.28833,
"109.50",13.988,18.297,
"109.55",13.997,18.30533,
"109.60",14.008,18.31333,
"109.65",14.019,18.32167,
"109.70",14.031,18.33,
"109.75",14.042,18.33833,
"109.80",14.053,18.34667,
"109.85",14.063,18.355,
"109.90",14.073,18.36333,
"109.95",14.084,18.37167,
"110.00",14.092,18.38,
"110.05",14.103,18.38833,
"110.10",14.112,18.39667,
"110.15",14.12,18.405,
"110.20",14.13,18.41333,
"110.25",14.138,18.42167,
"110.30",14.148,18.43033,
"110.35",14.158,18.43867,
"110.40",14.169,18.447,
"110.45",14.181,18.455,
"110.50",14.191,18.46367,
"110.55",14.203,18.47167,
"110.60",14.215,18.48,
"110.65",14.225,18.48833,
"110.70",14.235,18.49667,
"110.75",14.246,18.505,
"110.80",14.256,18.51333,
"110.85",14.267,18.52167,
"110.90",14.278,18.53,
"110.95",14.288,18.53833,
"111.00",14.297,18.54667,
"111.05",14.306,18.555,
"111.10",14.316,18.56333,
"111.15",14.325,18.57167,
"111.20",14.335,18.58,
"111.25",14.345,18.58833,
"111.30",14.354,18.59667,
"111.35",14.365,18.60533,
"111.40",14.374,18.61333,
"111.45",14.385,18.62167,
"111.50",14.395,18.63,
"111.55",14.406,18.63833,
"111.60",14.416,18.647,
"111.65",14.427,18.655,
"111.70",14.438,18.66333,
"111.75",14.448,18.67167,
"111.80",14.458,18.68,
"111.85",14.467,18.68867,
"111.90",14.477,18.69667,
"111.95",14.485,18.70533,
"112.00",14.496,18.71367,
"112.05",14.506,18.72167,
"112.10",14.516,18.73033,
"112.15",14.525,18.73867,
"112.20",14.534,18.747,
"112.25",14.542,18.75533,
"112.30",14.551,18.76367,
"112.35",14.561,18.772,
"112.40",14.572,18.78033,
"112.45",14.582,18.78867,
"112.50",14.593,18.797,
"112.55",14.603,18.80533,
"112.60",14.613,18.81333,
"112.65",14.624,18.82167,
"112.70",14.634,18.83,
"112.75",14.644,18.83833,
"112.80",14.654,18.847,
"112.85",14.665,18.85533,
"112.90",14.676,18.86333,
"112.95",14.687,18.87167,
"113.00",14.697,18.88,
"113.05",14.706,18.88867,
"113.10",14.716,18.897,
"113.15",14.726,18.90533,
"113.20",14.735,18.91367,
"113.25",14.746,18.922,
"113.30",14.757,18.93033,
"113.35",14.767,18.93867,
"113.40",14.778,18.947,
"113.45",14.788,18.95533,
"113.50",14.798,18.96367,
"113.55",14.81,18.972,
"113.60",14.82,18.98033,
"113.65",14.832,18.98833,
"113.70",14.844,18.99667,
"113.75",14.852,19.005,
"113.80",14.862,19.01367,
"113.85",14.871,19.022,
"113.90",14.881,19.03033,
"113.95",14.892,19.03833,
"114.00",14.902,19.04667,
"114.05",14.912,19.05533,
"114.10",14.922,19.06367,
"114.15",14.932,19.072,
"114.20",14.942,19.08,
"114.25",14.954,19.08833,
"114.30",14.966,19.09667,
"114.35",14.977,19.10533,
"114.40",14.987,19.11367,
"114.45",14.997,19.12167,
"114.50",15.008,19.13,
"114.55",15.02,19.13833,
"114.60",15.032,19.14667,
"114.65",15.043,19.155,
"114.70",15.054,19.16333,
"114.75",15.064,19.17167,
"114.80",15.076,19.18,
"114.85",15.086,19.18867,
"114.90",15.096,19.197,
"114.95",15.105,19.20533,
"115.00",15.116,19.21333,
"115.05",15.127,19.222,
"115.10",15.138,19.23033,
"115.15",15.147,19.23867,
"115.20",15.157,19.247,
"115.25",15.169,19.255,
"115.30",15.179,19.26333,
"115.35",15.192,19.272,
"115.40",15.203,19.28,
"115.45",15.214,19.28833,
"115.50",15.225,19.29667,
"115.55",15.236,19.305,
"115.60",15.248,19.31333,
"115.65",15.259,19.32167,
"115.70",15.27,19.33,
"115.75",15.283,19.33833,
"115.80",15.295,19.34667,
"115.85",15.306,19.35533,
"115.90",15.317,19.36367,
"115.95",15.327,19.37167,
"116.00",15.337,19.38,
"116.05",15.348,19.38867,
"116.10",15.358,19.397,
"116.15",15.367,19.405,
"116.20",15.377,19.41333,
"116.25",15.386,19.42167,
"116.30",15.398,19.43,
"116.35",15.409,19.43867,
"116.40",15.419,19.44667,
"116.45",15.432,19.455,
"116.50",15.443,19.46333,
"116.55",15.455,19.47167,
"116.60",15.465,19.48,
"116.65",15.476,19.48833,
"116.70",15.486,19.49667,
"116.75",15.497,19.505,
"116.80",15.509,19.51333,
"116.85",15.52,19.522,
"116.90",15.531,19.53033,
"116.95",15.543,19.53833,
"117.00",15.554,19.54667,
"117.05",15.565,19.55533,
"117.10",15.577,19.56367,
"117.15",15.588,19.572,
"117.20",15.599,19.58033,
"117.25",15.61,19.58867,
"117.30",15.62,19.597,
"117.35",15.631,19.605,
"117.40",15.641,19.61333,
"117.45",15.65,19.62167,
"117.50",15.66,19.63,
"117.55",15.67,19.63833,
"117.60",15.681,19.64667,
"117.65",15.692,19.655,
"117.70",15.704,19.66333,
"117.75",15.714,19.67167,
"117.80",15.725,19.68,
"117.85",15.736,19.68867,
"117.90",15.746,19.69667,
"117.95",15.758,19.705,
"118.00",15.768,19.71333,
"118.05",15.777,19.722,
"118.10",15.788,19.73033,
"118.15",15.797,19.73867,
"118.20",15.807,19.747,
"118.25",15.818,19.75533,
"118.30",15.828,19.76367,
"118.35",15.837,19.772,
"118.40",15.848,19.78033,
"118.45",15.858,19.78867,
"118.50",15.868,19.797,
"118.55",15.878,19.80533,
"118.60",15.889,19.81367,
"118.65",15.899,19.822,
"118.70",15.91,19.83,
"118.75",15.92,19.83867,
"118.80",15.931,19.847,
"118.85",15.942,19.85533,
"118.90",15.953,19.86367,
"118.95",15.962,19.872,
"119.00",15.971,19.88033,
"119.05",15.98,19.88867,
"119.10",15.99,19.897,
"119.15",16.001,19.90533,
"119.20",16.011,19.91367,
"119.25",16.021,19.922,
"119.30",16.031,19.93033,
"119.35",16.041,19.93867,
"119.40",16.051,19.947,
"119.45",16.061,19.95533,
"119.50",16.073,19.96367,
"119.55",16.085,19.972,
"119.60",16.097,19.98033,
"119.65",16.108,19.98833,
"119.70",16.117,19.99667,
"119.75",16.126,20.00533,
"119.80",16.136,20.01367,
"119.85",16.146,20.022,
"119.90",16.157,20.03033,
"119.95",16.167,20.03867,
"120.00",16.177,20.04667,
"120.05",16.185,20.05533,
"120.10",16.195,20.06367,
"120.15",16.204,20.07167,
"120.20",16.213,20.08,
"120.25",16.224,20.08833,
"120.30",16.235,20.09667,
"120.35",16.247,20.105,
"120.40",16.257,20.11333,
"120.45",16.268,20.12167,
"120.50",16.28,20.13,
"120.55",16.291,20.13833,
"120.60",16.303,20.14667,
"120.65",16.313,20.155,
"120.70",16.324,20.16333,
"120.75",16.335,20.17167,
"120.80",16.348,20.18,
"120.85",16.36,20.18833,
"120.90",16.37,20.19667,
"120.95",16.38,20.205,
"121.00",16.388,20.21333,
"121.05",16.398,20.22167,
"121.10",16.407,20.23,
"121.15",16.418,20.23833,
"121.20",16.429,20.24667,
"121.25",16.438,20.255,
"121.30",16.447,20.26333,
"121.35",16.457,20.27167,
"121.40",16.468,20.28,
"121.45",16.479,20.28833,
"121.50",16.491,20.29667,
"121.55",16.503,20.30533,
"121.60",16.514,20.31333,
"121.65",16.526,20.32167,
"121.70",16.538,20.33,
"121.75",16.549,20.33833,
"121.80",16.558,20.347,
"121.85",16.568,20.35533,
"121.90",16.579,20.36367,
"121.95",16.59,20.372,
"122.00",16.601,20.38033,
"122.05",16.612,20.38867,
"122.10",16.622,20.397,
"122.15",16.63,20.40533,
"122.20",16.64,20.41333,
"122.25",16.65,20.42167,
"122.30",16.661,20.43,
"122.35",16.672,20.43867,
"122.40",16.684,20.44667,
"122.45",16.695,20.455,
"122.50",16.705,20.46333,
"122.55",16.715,20.472,
"122.60",16.725,20.48,
"122.65",16.735,20.48833,
"122.70",16.746,20.497,
"122.75",16.757,20.50533,
"122.80",16.767,20.51367,
"122.85",16.779,20.522,
"122.90",16.791,20.53033,
"122.95",16.801,20.53833,
"123.00",16.812,20.54667,
"123.05",16.822,20.55533,
"123.10",16.832,20.56333,
"123.15",16.842,20.57167,
"123.20",16.853,20.58,
"123.25",16.861,20.58833,
"123.30",16.87,20.59667,
"123.35",16.88,20.60533,
"123.40",16.89,20.61333,
"123.45",16.902,20.62167,
"123.50",16.915,20.63033,
"123.55",16.926,20.63867,
"123.60",16.937,20.647,
"123.65",16.949,20.65533,
"123.70",16.96,20.66367,
"123.75",16.973,20.672,
"123.80",16.984,20.68033,
"123.85",16.994,20.68867,
"123.90",17.004,20.69667,
"123.95",17.013,20.70533,
"124.00",17.024,20.71367,
"124.05",17.034,20.722,
"124.10",17.045,20.73033,
"124.15",17.055,20.73833,
"124.20",17.065,20.74667,
"124.25",17.075,20.755,
"124.30",17.085,20.76333,
"124.35",17.096,20.772,
"124.40",17.106,20.78,
"124.45",17.118,20.78833,
"124.50",17.13,20.79667,
"124.55",17.142,20.80533,
"124.60",17.154,20.81333,
"124.65",17.164,20.82167,
"124.70",17.174,20.83,
"124.75",17.184,20.83833,
"124.80",17.194,20.847,
"124.85",17.206,20.855,
"124.90",17.218,20.86333,
"124.95",17.228,20.872,
"125.00",17.239,20.88,
"125.05",17.249,20.88833,
"125.10",17.259,20.897,
"125.15",17.27,20.905,
"125.20",17.279,20.91333,
"125.25",17.29,20.92167,
"125.30",17.299,20.93,
"125.35",17.308,20.93833,
"125.40",17.319,20.94667,
"125.45",17.329,20.955,
"125.50",17.339,20.96333,
"125.55",17.352,20.97167,
"125.60",17.364,20.98,
"125.65",17.376,20.98833,
"125.70",17.389,20.99667,
"125.75",17.4,21.005,
"125.80",17.411,21.01333,
"125.85",17.422,21.02167,
"125.90",17.433,21.03,
"125.95",17.444,21.03833,
"126.00",17.454,21.04667,
"126.05",17.464,21.055,
"126.10",17.475,21.06333,
"126.15",17.483,21.07167,
"126.20",17.493,21.08,
"126.25",17.504,21.08833,
"126.30",17.516,21.09667,
"126.35",17.528,21.105,
"126.40",17.54,21.11333,
"126.45",17.551,21.12167,
"126.50",17.561,21.13,
"126.55",17.57,21.13867,
"126.60",17.581,21.14667,
"126.65",17.592,21.155,
"126.70",17.603,21.16333,
"126.75",17.617,21.17167,
"126.80",17.627,21.18033,
"126.85",17.639,21.18867,
"126.90",17.651,21.19667,
"126.95",17.66,21.20533,
"127.00",17.671,21.21367,
"127.05",17.681,21.222,
"127.10",17.691,21.23,
"127.15",17.702,21.23833,
"127.20",17.712,21.24667,
"127.25",17.721,21.255,
"127.30",17.731,21.26367,
"127.35",17.741,21.272,
"127.40",17.751,21.28033,
"127.45",17.763,21.28867,
"127.50",17.774,21.297,
"127.55",17.786,21.30533,
"127.60",17.797,21.31367,
"127.65",17.809,21.32167,
"127.70",17.822,21.33,
"127.75",17.832,21.33833,
"127.80",17.844,21.347,
"127.85",17.853,21.35533,
"127.90",17.862,21.36367,
"127.95",17.874,21.372,
"128.00",17.884,21.38,
"128.05",17.894,21.38833,
"128.10",17.903,21.397,
"128.15",17.912,21.405,
"128.20",17.92,21.41333,
"128.25",17.93,21.42167,
"128.30",17.941,21.43,
"128.35",17.951,21.43833,
"128.40",17.963,21.44667,
"128.45",17.973,21.455,
"128.50",17.983,21.46333,
"128.55",17.994,21.47167,
"128.60",18.006,21.48,
"128.65",18.018,21.48833,
"128.70",18.031,21.49667,
"128.75",18.043,21.505,
"128.80",18.054,21.51333,
"128.85",18.063,21.52167,
"128.90",18.072,21.53,
"128.95",18.081,21.53833,
"129.00",18.089,21.54667,
"129.05",18.1,21.555,
"129.10",18.109,21.56333,
"129.15",18.12,21.57167,
"129.20",18.131,21.58,
"129.25",18.141,21.58833,
"129.30",18.152,21.59667,
"129.35",18.161,21.605,
"129.40",18.171,21.61333,
"129.45",18.182,21.62167,
"129.50",18.192,21.63,
"129.55",18.204,21.63833,
"129.60",18.215,21.64667,
"129.65",18.225,21.655,
"129.70",18.237,21.66333,
"129.75",18.248,21.67167,
"129.80",18.26,21.68,
"129.85",18.271,21.68833,
"129.90",18.281,21.69667,
"129.95",18.289,21.705,
"130.00",18.299,21.71333,
"130.05",18.308,21.72167,
"130.10",18.318,21.73,
"130.15",18.329,21.73833,
"130.20",18.338,21.74667,
"130.25",18.348,21.755,
"130.30",18.358,21.76333,
"130.35",18.367,21.77167,
"130.40",18.377,21.78,
"130.45",18.389,21.78833,
"130.50",18.401,21.79667,
"130.55",18.412,21.805,
"130.60",18.423,21.81333,
"130.65",18.435,21.82167,
"130.70",18.446,21.83,
"130.75",18.457,21.83833,
"130.80",18.469,21.84667,
"130.85",18.479,21.855,
"130.90",18.489,21.86333,
"130.95",18.5,21.87167,
"131.00",18.511,21.88,
"131.05",18.521,21.88833,
"131.10",18.532,21.89667,
"131.15",18.542,21.905,
"131.20",18.552,21.91333,
"131.25",18.563,21.92167,
"131.30",18.574,21.93,
"131.35",18.582,21.93833,
"131.40",18.592,21.94667,
"131.45",18.601,21.955,
"131.50",18.609,21.96333,
"131.55",18.619,21.97167,
"131.60",18.628,21.98,
"131.65",18.64,21.98833,
"131.70",18.651,21.99667,
"131.75",18.663,22.005,
"131.80",18.675,22.01333,
"131.85",18.686,22.02167,
"131.90",18.697,22.03,
"131.95",18.706,22.03833,
"132.00",18.716,22.04667,
"132.05",18.724,22.055,
"132.10",18.733,22.06367,
"132.15",18.743,22.072,
"132.20",18.753,22.08033,
"132.25",18.764,22.08833,
"132.30",18.775,22.097,
"132.35",18.783,22.10533,
"132.40",18.794,22.11367,
"132.45",18.805,22.122,
"132.50",18.815,22.13033,
"132.55",18.828,22.13833,
"132.60",18.836,22.14667,
"132.65",18.847,22.155,
"132.70",18.858,22.16333,
"132.75",18.868,22.17167,
"132.80",18.879,22.18,
"132.85",18.887,22.18833,
"132.90",18.896,22.19667,
"132.95",18.905,22.205,
"133.00",18.915,22.21333,
"133.05",18.925,22.22167,
"133.10",18.935,22.23,
"133.15",18.945,22.23833,
"133.20",18.956,22.24667,
"133.25",18.967,22.255,
"133.30",18.977,22.26333,
"133.35",18.985,22.27167,
"133.40",18.995,22.28,
"133.45",19.005,22.28833,
"133.50",19.015,22.29667,
"133.55",19.026,22.305,
"133.60",19.037,22.31333,
"133.65",19.047,22.32167,
"133.70",19.058,22.33,
"133.75",19.069,22.33833,
"133.80",19.08,22.34667,
"133.85",19.091,22.35533,
"133.90",19.103,22.36333,
"133.95",19.114,22.37167,
"134.00",19.122,22.38,
"134.05",19.132,22.38833,
"134.10",19.141,22.39667,
"134.15",19.151,22.405,
"134.20",19.161,22.41333,
"134.25",19.17,22.42167,
"134.30",19.179,22.43033,
"134.35",19.187,22.43867,
"134.40",19.196,22.44667,
"134.45",19.207,22.455,
"134.50",19.218,22.46333,
"134.55",19.228,22.47167,
"134.60",19.24,22.48,
"134.65",19.25,22.48833,
"134.70",19.26,22.49667,
"134.75",19.271,22.505,
"134.80",19.281,22.51333,
"134.85",19.291,22.52167,
"134.90",19.3,22.53,
"134.95",19.309,22.53833,
"135.00",19.319,22.54667,
"135.05",19.328,22.555,
"135.10",19.338,22.56333,
"135.15",19.349,22.57167,
"135.20",19.357,22.58,
"135.25",19.367,22.58833,
"135.30",19.377,22.59667,
"135.35",19.386,22.605,
"135.40",19.396,22.61333,
"135.45",19.406,22.62167,
"135.50",19.415,22.63,
"135.55",19.425,22.63833,
"135.60",19.436,22.64667,
"135.65",19.447,22.655,
"135.70",19.46,22.66333,
"135.75",19.472,22.67167,
"135.80",19.484,22.68,
"135.85",19.494,22.68833,
"135.90",19.504,22.69667,
"135.95",19.513,22.705,
"136.00",19.522,22.71333,
"136.05",19.533,22.72167,
"136.10",19.542,22.73,
"136.15",19.552,22.73833,
"136.20",19.561,22.74667,
"136.25",19.569,22.755,
"136.30",19.578,22.76333,
"136.35",19.589,22.77167,
"136.40",19.599,22.78,
"136.45",19.61,22.78833,
"136.50",19.621,22.79667,
"136.55",19.63,22.805,
"136.60",19.64,22.81333,
"136.65",19.651,22.82167,
"136.70",19.664,22.83,
"136.75",19.675,22.83833,
"136.80",19.686,22.84667,
"136.85",19.696,22.855,
"136.90",19.705,22.86333,
"136.95",19.716,22.87167,
"137.00",19.726,22.88,
"137.05",19.737,22.88833,
"137.10",19.748,22.89667,
"137.15",19.754,22.905,
"137.20",19.764,22.91333,
"137.25",19.773,22.92167,
"137.30",19.78,22.93,
"137.35",19.792,22.93833,
"137.40",19.802,22.94667,
"137.45",19.813,22.955,
"137.50",19.824,22.96333,
"137.55",19.834,22.97167,
"137.60",19.842,22.98,
"137.65",19.849,22.98833,
"137.70",19.857,22.99667,
"137.75",19.866,23.005,
"137.80",19.877,23.01333,
"137.85",19.888,23.02167,
"137.90",19.9,23.03,
"137.95",19.909,23.03833,
"138.00",19.92,23.04667,
"138.05",19.931,23.055,
"138.10",19.94,23.06333,
"138.15",19.95,23.07167,
"138.20",19.959,23.08,
"138.25",19.967,23.08833,
"138.30",19.977,23.09667,
"138.35",19.987,23.105,
"138.40",19.997,23.11333,
"138.45",20.009,23.12167,
"138.50",20.019,23.13,
"138.55",20.029,23.13833,
"138.60",20.039,23.14667,
"138.65",20.049,23.155,
"138.70",20.058,23.16333,
"138.75",20.07,23.17167,
"138.80",20.081,23.18,
"138.85",20.091,23.18833,
"138.90",20.101,23.19667,
"138.95",20.109,23.205,
"139.00",20.118,23.21333,
"139.05",20.128,23.22167,
"139.10",20.138,23.23,
"139.15",20.147,23.23833,
"139.20",20.157,23.24667,
"139.25",20.166,23.255,
"139.30",20.174,23.26333,
"139.35",20.183,23.27167,
"139.40",20.193,23.28,
"139.45",20.204,23.28833,
"139.50",20.215,23.29667,
"139.55",20.224,23.305,
"139.60",20.234,23.31333,
"139.65",20.243,23.32167,
"139.70",20.253,23.33,
"139.75",20.265,23.33833,
"139.80",20.274,23.34667,
"139.85",20.284,23.355,
"139.90",20.293,23.36333,
"139.95",20.303,23.37167,
"140.00",20.313,23.38,
"140.05",20.321,23.38833,
"140.10",20.331,23.39667,
"140.15",20.338,23.405,
"140.20",20.346,23.41333,
"140.25",20.356,23.42167,
"140.30",20.364,23.43033,
"140.35",20.375,23.43867,
"140.40",20.385,23.447,
"140.45",20.395,23.45533,
"140.50",20.406,23.46367,
"140.55",20.415,23.472,
"140.60",20.425,23.48,
"140.65",20.437,23.48833,
"140.70",20.446,23.49667,
"140.75",20.456,23.505,
"140.80",20.465,23.51367,
"140.85",20.474,23.522,
"140.90",20.484,23.53033,
"140.95",20.493,23.53867,
"141.00",20.503,23.547,
"141.05",20.51,23.55533,
"141.10",20.518,23.56367,
"141.15",20.527,23.572,
"141.20",20.535,23.58033,
"141.25",20.544,23.58833,
"141.30",20.554,23.59667,
"141.35",20.563,23.605,
"141.40",20.573,23.61367,
"141.45",20.582,23.622,
"141.50",20.592,23.63033,
"141.55",20.602,23.63867,
"141.60",20.61,23.64667,
"141.65",20.62,23.655,
"141.70",20.629,23.66333,
"141.75",20.639,23.67167,
"141.80",20.648,23.68,
"141.85",20.658,23.68833,
"141.90",20.668,23.69667,
"141.95",20.676,23.705,
"142.00",20.684,23.71333,
"142.05",20.692,23.72167,
"142.10",20.701,23.73033,
"142.15",20.708,23.73833,
"142.20",20.718,23.74667,
"142.25",20.727,23.755,
"142.30",20.736,23.76333,
"142.35",20.746,23.772,
"142.40",20.754,23.78,
"142.45",20.763,23.78833,
"142.50",20.77,23.79667,
"142.55",20.779,23.805,
"142.60",20.789,23.81367,
"142.65",20.799,23.82167,
"142.70",20.809,23.83,
"142.75",20.818,23.83833,
"142.80",20.829,23.84667,
"142.85",20.839,23.855,
"142.90",20.849,23.86333,
"142.95",20.859,23.87167,
"143.00",20.865,23.88,
"143.05",20.873,23.88833,
"143.10",20.882,23.89667,
"143.15",20.891,23.905,
"143.20",20.9,23.91333,
"143.25",20.909,23.92167,
"143.30",20.917,23.93033,
"143.35",20.926,23.93867,
"143.40",20.934,23.947,
"143.45",20.943,23.95533,
"143.50",20.952,23.96367,
"143.55",20.961,23.972,
"143.60",20.974,23.98033,
"143.65",20.984,23.98867,
"143.70",20.993,23.997,
"143.75",21.003,24.00533,
"143.80",21.011,24.01367,
"143.85",21.019,24.022,
"143.90",21.027,24.03,
"143.95",21.035,24.03867,
"144.00",21.044,24.04667,
"144.05",21.052,24.05533,
"144.10",21.06,24.06367,
"144.15",21.068,24.07167,
"144.20",21.077,24.08,
"144.25",21.084,24.08833,
"144.30",21.093,24.097,
"144.35",21.102,24.10533,
"144.40",21.11,24.11333,
"144.45",21.119,24.122,
"144.50",21.128,24.13,
"144.55",21.137,24.13833,
"144.60",21.144,24.14667,
"144.65",21.154,24.155,
"144.70",21.163,24.16333,
"144.75",21.172,24.17167,
"144.80",21.184,24.18033,
"144.85",21.193,24.18833,
"144.90",21.202,24.197,
"144.95",21.21,24.20533,
"145.00",21.217,24.21367,
"145.05",21.226,24.222,
"145.10",21.234,24.23033,
"145.15",21.242,24.23867,
"145.20",21.25,24.247,
"145.25",21.257,24.255,
"145.30",21.264,24.26333,
"145.35",21.272,24.272,
"145.40",21.279,24.28,
"145.45",21.289,24.28833,
"145.50",21.298,24.29667,
"145.55",21.305,24.305,
"145.60",21.315,24.31333,
"145.65",21.324,24.32167,
"145.70",21.332,24.33,
"145.75",21.342,24.33833,
"145.80",21.352,24.34667,
"145.85",21.359,24.355,
"145.90",21.369,24.36333,
"145.95",21.378,24.37167,
"146.00",21.387,24.38,
"146.05",21.395,24.38867,
"146.10",21.403,24.39667,
"146.15",21.41,24.40533,
"146.20",21.417,24.41367,
"146.25",21.425,24.42167,
"146.30",21.433,24.43033,
"146.35",21.442,24.43867,
"146.40",21.45,24.447,
"146.45",21.459,24.455,
"146.50",21.469,24.46333,
"146.55",21.477,24.47167,
"146.60",21.486,24.48,
"146.65",21.494,24.48833,
"146.70",21.501,24.49667,
"146.75",21.511,24.505,
"146.80",21.518,24.51333,
"146.85",21.526,24.52167,
"146.90",21.534,24.53,
"146.95",21.541,24.53833,
"147.00",21.549,24.54667,
"147.05",21.556,24.555,
"147.10",21.564,24.56333,
"147.15",21.571,24.57167,
"147.20",21.579,24.58,
"147.25",21.586,24.58833,
"147.30",21.594,24.59667,
"147.35",21.601,24.60533,
"147.40",21.609,24.61333,
"147.45",21.618,24.62167,
"147.50",21.626,24.63,
"147.55",21.635,24.63833,
"147.60",21.643,24.64667,
"147.65",21.652,24.655,
"147.70",21.661,24.66333,
"147.75",21.669,24.67167,
"147.80",21.678,24.68033,
"147.85",21.684,24.68867,
"147.90",21.693,24.69667,
"147.95",21.702,24.70533,
"148.00",21.709,24.71367,
"148.05",21.716,24.722,
"148.10",21.723,24.73033,
"148.15",21.731,24.73867,
"148.20",21.738,24.747,
"148.25",21.746,24.75533,
"148.30",21.755,24.76367,
"148.35",21.764,24.772,
"148.40",21.772,24.78033,
"148.45",21.779,24.78867,
"148.50",21.785,24.797,
"148.55",21.792,24.80533,
"148.60",21.8,24.81333,
"148.65",21.81,24.82167,
"148.70",21.819,24.83,
"148.75",21.829,24.83833,
"148.80",21.837,24.847,
"148.85",21.845,24.85533,
"148.90",21.852,24.86333,
"148.95",21.859,24.872,
"149.00",21.865,24.88033,
"149.05",21.871,24.88867,
"149.10",21.879,24.897,
"149.15",21.886,24.90533,
"149.20",21.892,24.91367,
"149.25",21.9,24.922,
"149.30",21.907,24.93033,
"149.35",21.917,24.93867,
"149.40",21.925,24.947,
"149.45",21.932,24.955,
"149.50",21.939,24.96367,
"149.55",21.944,24.972,
"149.60",21.953,24.98033,
"149.65",21.961,24.98833,
"149.70",21.971,24.99667,
"149.75",21.98,25.005,
"149.80",21.987,25.01333,
"149.85",21.993,25.022,
"149.90",22.001,25.03033,
"149.95",22.009,25.03833,
"150.00",22.016,25.04667,
"150.05",22.023,25.055,
"150.10",22.03,25.06333,
"150.15",22.035,25.07167,
"150.20",22.041,25.08,
"150.25",22.047,25.08833,
"150.30",22.053,25.09667,
"150.35",22.061,25.105,
"150.40",22.069,25.11333,
"150.45",22.077,25.12167,
"150.50",22.085,25.13,
"150.55",22.095,25.13833,
"150.60",22.101,25.14667,
"150.65",22.111,25.155,
"150.70",22.119,25.16333,
"150.75",22.128,25.17167,
"150.80",22.136,25.18,
"150.85",22.142,25.18833,
"150.90",22.149,25.19667,
"150.95",22.156,25.205,
"151.00",22.163,25.21333,
"151.05",22.17,25.22167,
"151.10",22.177,25.23,
"151.15",22.183,25.23833,
"151.20",22.19,25.24667,
"151.25",22.196,25.255,
"151.30",22.205,25.26333,
"151.35",22.211,25.27167,
"151.40",22.218,25.28,
"151.45",22.225,25.28833,
"151.50",22.231,25.29667,
"151.55",22.238,25.305,
"151.60",22.246,25.31333,
"151.65",22.257,25.32167,
"151.70",22.266,25.33,
"151.75",22.277,25.33833,
"151.80",22.286,25.34667,
"151.85",22.293,25.355,
"151.90",22.3,25.36333,
"151.95",22.306,25.37167,
"152.00",22.314,25.38,
"152.05",22.32,25.38833,
"152.10",22.326,25.39667,
"152.15",22.332,25.405,
"152.20",22.339,25.41333,
"152.25",22.347,25.42167,
"152.30",22.355,25.43,
"152.35",22.362,25.43833,
"152.40",22.369,25.44667,
"152.45",22.375,25.455,
"152.50",22.382,25.46333,
"152.55",22.391,25.47167,
"152.60",22.398,25.48,
"152.65",22.405,25.48833,
"152.70",22.413,25.49667,
"152.75",22.421,25.505,
"152.80",22.43,25.51333,
"152.85",22.437,25.52167,
"152.90",22.443,25.53,
"152.95",22.451,25.53833,
"153.00",22.459,25.54667,
"153.05",22.466,25.555,
"153.10",22.473,25.56333,
"153.15",22.48,25.57167,
"153.20",22.487,25.58,
"153.25",22.493,25.58833,
"153.30",22.501,25.59667,
"153.35",22.507,25.605,
"153.40",22.515,25.61333,
"153.45",22.523,25.62167,
"153.50",22.529,25.63,
"153.55",22.538,25.63833,
"153.60",22.544,25.64667,
"153.65",22.552,25.655,
"153.70",22.561,25.66333,
"153.75",22.568,25.67167,
"153.80",22.576,25.68,
"153.85",22.581,25.68867,
"153.90",22.588,25.697,
"153.95",22.595,25.70533,
"154.00",22.602,25.71333,
"154.05",22.609,25.72167,
"154.10",22.616,25.73,
"154.15",22.622,25.73833,
"154.20",22.629,25.74667,
"154.25",22.636,25.755,
"154.30",22.643,25.76333,
"154.35",22.651,25.77167,
"154.40",22.657,25.78,
"154.45",22.665,25.78833,
"154.50",22.67,25.79667,
"154.55",22.677,25.805,
"154.60",22.686,25.81333,
"154.65",22.693,25.82167,
"154.70",22.702,25.83,
"154.75",22.709,25.83833,
"154.80",22.716,25.84667,
"154.85",22.722,25.855,
"154.90",22.727,25.86333,
"154.95",22.734,25.87167,
"155.00",22.74,25.88,
"155.05",22.744,25.88833,
"155.10",22.751,25.89667,
"155.15",22.757,25.905,
"155.20",22.764,25.91333,
"155.25",22.771,25.92167,
"155.30",22.778,25.93,
"155.35",22.783,25.93867,
"155.40",22.79,25.94667,
"155.45",22.797,25.955,
"155.50",22.804,25.96333,
"155.55",22.815,25.972,
"155.60",22.822,25.98033,
"155.65",22.83,25.98867,
"155.70",22.838,25.997,
"155.75",22.844,26.00533,
"155.80",22.851,26.01367,
"155.85",22.857,26.022,
"155.90",22.863,26.03033,
"155.95",22.869,26.03867,
"156.00",22.875,26.047,
"156.05",22.881,26.05533,
"156.10",22.888,26.06367,
"156.15",22.895,26.072,
"156.20",22.902,26.08033,
"156.25",22.909,26.08867,
"156.30",22.915,26.097,
"156.35",22.921,26.10533,
"156.40",22.928,26.11367,
"156.45",22.933,26.122,
"156.50",22.939,26.13033,
"156.55",22.947,26.13867,
"156.60",22.955,26.147,
"156.65",22.962,26.15533,
"156.70",22.969,26.16367,
"156.75",22.975,26.17167,
"156.80",22.983,26.18033,
"156.85",22.99,26.18867,
"156.90",22.999,26.197,
"156.95",23.008,26.20533,
"157.00",23.015,26.21367,
"157.05",23.02,26.22167,
"157.10",23.026,26.23033,
"157.15",23.032,26.23833,
"157.20",23.039,26.24667,
"157.25",23.044,26.255,
"157.30",23.05,26.26333,
"157.35",23.056,26.272,
"157.40",23.062,26.28,
"157.45",23.067,26.28833,
"157.50",23.075,26.29667,
"157.55",23.081,26.305,
"157.60",23.088,26.31333,
"157.65",23.097,26.32167,
"157.70",23.104,26.33,
"157.75",23.112,26.33833,
"157.80",23.118,26.34667,
"157.85",23.124,26.355,
"157.90",23.129,26.36333,
"157.95",23.134,26.37167,
"158.00",23.142,26.38,
"158.05",23.149,26.38833,
"158.10",23.156,26.397,
"158.15",23.164,26.40533,
"158.20",23.17,26.41367,
"158.25",23.175,26.42167,
"158.30",23.182,26.43033,
"158.35",23.188,26.43867,
"158.40",23.196,26.44667,
"158.45",23.203,26.455,
"158.50",23.21,26.46333,
"158.55",23.216,26.47167,
"158.60",23.224,26.48,
"158.65",23.231,26.48833,
"158.70",23.239,26.49667,
"158.75",23.247,26.505,
"158.80",23.252,26.51333,
"158.85",23.258,26.52167,
"158.90",23.262,26.53,
"158.95",23.268,26.53833,
"159.00",23.274,26.54667,
"159.05",23.281,26.555,
"159.10",23.289,26.56333,
"159.15",23.295,26.57167,
"159.20",23.301,26.58,
"159.25",23.307,26.58833,
"159.30",23.311,26.59667,
"159.35",23.319,26.605,
"159.40",23.326,26.61333,
"159.45",23.334,26.622,
"159.50",23.341,26.63,
"159.55",23.347,26.63833,
"159.60",23.356,26.64667,
"159.65",23.362,26.655,
"159.70",23.37,26.66333,
"159.75",23.376,26.67167,
"159.80",23.383,26.68033,
"159.85",23.389,26.68867,
"159.90",23.394,26.697,
"159.95",23.401,26.70533,
"160.00",23.407,26.71367,
"160.05",23.413,26.722,
"160.10",23.419,26.73033,
"160.15",23.424,26.73833,
"160.20",23.429,26.74667,
"160.25",23.434,26.755,
"160.30",23.438,26.76333,
"160.35",23.443,26.77167,
"160.40",23.449,26.78,
"160.45",23.456,26.78833,
"160.50",23.464,26.79667,
"160.55",23.472,26.805,
"160.60",23.479,26.81333,
"160.65",23.486,26.82167,
"160.70",23.492,26.83,
"160.75",23.499,26.83833,
"160.80",23.506,26.847,
"160.85",23.513,26.85533,
"160.90",23.52,26.86333,
"160.95",23.524,26.87167,
"161.00",23.529,26.88,
"161.05",23.533,26.88833,
"161.10",23.538,26.897,
"161.15",23.541,26.905,
"161.20",23.547,26.91333,
"161.25",23.551,26.92167,
"161.30",23.556,26.93,
"161.35",23.556,26.93833,

